exam,section,raw,score,createdAt,updatedAt,TestId
College Board Test 1,reading,0,10,3/4/20 0:00,3/4/20 0:00,1
College Board Test 1,reading,1,10,3/4/20 0:00,3/4/20 0:00,1
College Board Test 1,reading,2,10,3/4/20 0:00,3/4/20 0:00,1
College Board Test 1,reading,3,11,3/4/20 0:00,3/4/20 0:00,1
College Board Test 1,reading,4,12,3/4/20 0:00,3/4/20 0:00,1
College Board Test 1,reading,5,13,3/4/20 0:00,3/4/20 0:00,1
College Board Test 1,reading,6,14,3/4/20 0:00,3/4/20 0:00,1
College Board Test 1,reading,7,15,3/4/20 0:00,3/4/20 0:00,1
College Board Test 1,reading,8,15,3/4/20 0:00,3/4/20 0:00,1
College Board Test 1,reading,9,16,3/4/20 0:00,3/4/20 0:00,1
College Board Test 1,reading,10,17,3/4/20 0:00,3/4/20 0:00,1
College Board Test 1,reading,11,17,3/4/20 0:00,3/4/20 0:00,1
College Board Test 1,reading,12,18,3/4/20 0:00,3/4/20 0:00,1
College Board Test 1,reading,13,19,3/4/20 0:00,3/4/20 0:00,1
College Board Test 1,reading,14,19,3/4/20 0:00,3/4/20 0:00,1
College Board Test 1,reading,15,20,3/4/20 0:00,3/4/20 0:00,1
College Board Test 1,reading,16,20,3/4/20 0:00,3/4/20 0:00,1
College Board Test 1,reading,17,21,3/4/20 0:00,3/4/20 0:00,1
College Board Test 1,reading,18,21,3/4/20 0:00,3/4/20 0:00,1
College Board Test 1,reading,19,22,3/4/20 0:00,3/4/20 0:00,1
College Board Test 1,reading,20,22,3/4/20 0:00,3/4/20 0:00,1
College Board Test 1,reading,21,23,3/4/20 0:00,3/4/20 0:00,1
College Board Test 1,reading,22,23,3/4/20 0:00,3/4/20 0:00,1
College Board Test 1,reading,23,24,3/4/20 0:00,3/4/20 0:00,1
College Board Test 1,reading,24,24,3/4/20 0:00,3/4/20 0:00,1
College Board Test 1,reading,25,25,3/4/20 0:00,3/4/20 0:00,1
College Board Test 1,reading,26,25,3/4/20 0:00,3/4/20 0:00,1
College Board Test 1,reading,27,26,3/4/20 0:00,3/4/20 0:00,1
College Board Test 1,reading,28,26,3/4/20 0:00,3/4/20 0:00,1
College Board Test 1,reading,29,27,3/4/20 0:00,3/4/20 0:00,1
College Board Test 1,reading,30,28,3/4/20 0:00,3/4/20 0:00,1
College Board Test 1,reading,31,28,3/4/20 0:00,3/4/20 0:00,1
College Board Test 1,reading,32,29,3/4/20 0:00,3/4/20 0:00,1
College Board Test 1,reading,33,29,3/4/20 0:00,3/4/20 0:00,1
College Board Test 1,reading,34,30,3/4/20 0:00,3/4/20 0:00,1
College Board Test 1,reading,35,30,3/4/20 0:00,3/4/20 0:00,1
College Board Test 1,reading,36,31,3/4/20 0:00,3/4/20 0:00,1
College Board Test 1,reading,37,31,3/4/20 0:00,3/4/20 0:00,1
College Board Test 1,reading,38,32,3/4/20 0:00,3/4/20 0:00,1
College Board Test 1,reading,39,32,3/4/20 0:00,3/4/20 0:00,1
College Board Test 1,reading,40,33,3/4/20 0:00,3/4/20 0:00,1
College Board Test 1,reading,41,33,3/4/20 0:00,3/4/20 0:00,1
College Board Test 1,reading,42,34,3/4/20 0:00,3/4/20 0:00,1
College Board Test 1,reading,43,35,3/4/20 0:00,3/4/20 0:00,1
College Board Test 1,reading,44,35,3/4/20 0:00,3/4/20 0:00,1
College Board Test 1,reading,45,36,3/4/20 0:00,3/4/20 0:00,1
College Board Test 1,reading,46,37,3/4/20 0:00,3/4/20 0:00,1
College Board Test 1,reading,47,37,3/4/20 0:00,3/4/20 0:00,1
College Board Test 1,reading,48,38,3/4/20 0:00,3/4/20 0:00,1
College Board Test 1,reading,49,38,3/4/20 0:00,3/4/20 0:00,1
College Board Test 1,reading,50,39,3/4/20 0:00,3/4/20 0:00,1
College Board Test 1,reading,51,40,3/4/20 0:00,3/4/20 0:00,1
College Board Test 1,reading,52,40,3/4/20 0:00,3/4/20 0:00,1
College Board Test 1,writing,0,10,3/4/20 0:00,3/4/20 0:00,1
College Board Test 1,writing,1,10,3/4/20 0:00,3/4/20 0:00,1
College Board Test 1,writing,2,10,3/4/20 0:00,3/4/20 0:00,1
College Board Test 1,writing,3,10,3/4/20 0:00,3/4/20 0:00,1
College Board Test 1,writing,4,11,3/4/20 0:00,3/4/20 0:00,1
College Board Test 1,writing,5,12,3/4/20 0:00,3/4/20 0:00,1
College Board Test 1,writing,6,13,3/4/20 0:00,3/4/20 0:00,1
College Board Test 1,writing,7,13,3/4/20 0:00,3/4/20 0:00,1
College Board Test 1,writing,8,14,3/4/20 0:00,3/4/20 0:00,1
College Board Test 1,writing,9,15,3/4/20 0:00,3/4/20 0:00,1
College Board Test 1,writing,10,16,3/4/20 0:00,3/4/20 0:00,1
College Board Test 1,writing,11,16,3/4/20 0:00,3/4/20 0:00,1
College Board Test 1,writing,12,17,3/4/20 0:00,3/4/20 0:00,1
College Board Test 1,writing,13,18,3/4/20 0:00,3/4/20 0:00,1
College Board Test 1,writing,14,19,3/4/20 0:00,3/4/20 0:00,1
College Board Test 1,writing,15,19,3/4/20 0:00,3/4/20 0:00,1
College Board Test 1,writing,16,20,3/4/20 0:00,3/4/20 0:00,1
College Board Test 1,writing,17,21,3/4/20 0:00,3/4/20 0:00,1
College Board Test 1,writing,18,21,3/4/20 0:00,3/4/20 0:00,1
College Board Test 1,writing,19,22,3/4/20 0:00,3/4/20 0:00,1
College Board Test 1,writing,20,23,3/4/20 0:00,3/4/20 0:00,1
College Board Test 1,writing,21,23,3/4/20 0:00,3/4/20 0:00,1
College Board Test 1,writing,22,24,3/4/20 0:00,3/4/20 0:00,1
College Board Test 1,writing,23,25,3/4/20 0:00,3/4/20 0:00,1
College Board Test 1,writing,24,25,3/4/20 0:00,3/4/20 0:00,1
College Board Test 1,writing,25,26,3/4/20 0:00,3/4/20 0:00,1
College Board Test 1,writing,26,26,3/4/20 0:00,3/4/20 0:00,1
College Board Test 1,writing,27,27,3/4/20 0:00,3/4/20 0:00,1
College Board Test 1,writing,28,28,3/4/20 0:00,3/4/20 0:00,1
College Board Test 1,writing,29,28,3/4/20 0:00,3/4/20 0:00,1
College Board Test 1,writing,30,29,3/4/20 0:00,3/4/20 0:00,1
College Board Test 1,writing,31,30,3/4/20 0:00,3/4/20 0:00,1
College Board Test 1,writing,32,30,3/4/20 0:00,3/4/20 0:00,1
College Board Test 1,writing,33,31,3/4/20 0:00,3/4/20 0:00,1
College Board Test 1,writing,34,32,3/4/20 0:00,3/4/20 0:00,1
College Board Test 1,writing,35,32,3/4/20 0:00,3/4/20 0:00,1
College Board Test 1,writing,36,33,3/4/20 0:00,3/4/20 0:00,1
College Board Test 1,writing,37,34,3/4/20 0:00,3/4/20 0:00,1
College Board Test 1,writing,38,34,3/4/20 0:00,3/4/20 0:00,1
College Board Test 1,writing,39,35,3/4/20 0:00,3/4/20 0:00,1
College Board Test 1,writing,40,36,3/4/20 0:00,3/4/20 0:00,1
College Board Test 1,writing,41,37,3/4/20 0:00,3/4/20 0:00,1
College Board Test 1,writing,42,38,3/4/20 0:00,3/4/20 0:00,1
College Board Test 1,writing,43,39,3/4/20 0:00,3/4/20 0:00,1
College Board Test 1,writing,44,40,3/4/20 0:00,3/4/20 0:00,1
College Board Test 1,math,0,200,3/4/20 0:00,3/4/20 0:00,1
College Board Test 1,math,1,200,3/4/20 0:00,3/4/20 0:00,1
College Board Test 1,math,2,210,3/4/20 0:00,3/4/20 0:00,1
College Board Test 1,math,3,230,3/4/20 0:00,3/4/20 0:00,1
College Board Test 1,math,4,240,3/4/20 0:00,3/4/20 0:00,1
College Board Test 1,math,5,260,3/4/20 0:00,3/4/20 0:00,1
College Board Test 1,math,6,280,3/4/20 0:00,3/4/20 0:00,1
College Board Test 1,math,7,290,3/4/20 0:00,3/4/20 0:00,1
College Board Test 1,math,8,310,3/4/20 0:00,3/4/20 0:00,1
College Board Test 1,math,9,320,3/4/20 0:00,3/4/20 0:00,1
College Board Test 1,math,10,330,3/4/20 0:00,3/4/20 0:00,1
College Board Test 1,math,11,340,3/4/20 0:00,3/4/20 0:00,1
College Board Test 1,math,12,360,3/4/20 0:00,3/4/20 0:00,1
College Board Test 1,math,13,370,3/4/20 0:00,3/4/20 0:00,1
College Board Test 1,math,14,380,3/4/20 0:00,3/4/20 0:00,1
College Board Test 1,math,15,390,3/4/20 0:00,3/4/20 0:00,1
College Board Test 1,math,16,410,3/4/20 0:00,3/4/20 0:00,1
College Board Test 1,math,17,420,3/4/20 0:00,3/4/20 0:00,1
College Board Test 1,math,18,430,3/4/20 0:00,3/4/20 0:00,1
College Board Test 1,math,19,440,3/4/20 0:00,3/4/20 0:00,1
College Board Test 1,math,20,450,3/4/20 0:00,3/4/20 0:00,1
College Board Test 1,math,21,460,3/4/20 0:00,3/4/20 0:00,1
College Board Test 1,math,22,470,3/4/20 0:00,3/4/20 0:00,1
College Board Test 1,math,23,480,3/4/20 0:00,3/4/20 0:00,1
College Board Test 1,math,24,480,3/4/20 0:00,3/4/20 0:00,1
College Board Test 1,math,25,490,3/4/20 0:00,3/4/20 0:00,1
College Board Test 1,math,26,500,3/4/20 0:00,3/4/20 0:00,1
College Board Test 1,math,27,510,3/4/20 0:00,3/4/20 0:00,1
College Board Test 1,math,28,520,3/4/20 0:00,3/4/20 0:00,1
College Board Test 1,math,29,520,3/4/20 0:00,3/4/20 0:00,1
College Board Test 1,math,30,530,3/4/20 0:00,3/4/20 0:00,1
College Board Test 1,math,31,540,3/4/20 0:00,3/4/20 0:00,1
College Board Test 1,math,32,550,3/4/20 0:00,3/4/20 0:00,1
College Board Test 1,math,33,560,3/4/20 0:00,3/4/20 0:00,1
College Board Test 1,math,34,560,3/4/20 0:00,3/4/20 0:00,1
College Board Test 1,math,35,570,3/4/20 0:00,3/4/20 0:00,1
College Board Test 1,math,36,580,3/4/20 0:00,3/4/20 0:00,1
College Board Test 1,math,37,590,3/4/20 0:00,3/4/20 0:00,1
College Board Test 1,math,38,600,3/4/20 0:00,3/4/20 0:00,1
College Board Test 1,math,39,600,3/4/20 0:00,3/4/20 0:00,1
College Board Test 1,math,40,610,3/4/20 0:00,3/4/20 0:00,1
College Board Test 1,math,41,620,3/4/20 0:00,3/4/20 0:00,1
College Board Test 1,math,42,630,3/4/20 0:00,3/4/20 0:00,1
College Board Test 1,math,43,640,3/4/20 0:00,3/4/20 0:00,1
College Board Test 1,math,44,650,3/4/20 0:00,3/4/20 0:00,1
College Board Test 1,math,45,660,3/4/20 0:00,3/4/20 0:00,1
College Board Test 1,math,46,670,3/4/20 0:00,3/4/20 0:00,1
College Board Test 1,math,47,670,3/4/20 0:00,3/4/20 0:00,1
College Board Test 1,math,48,680,3/4/20 0:00,3/4/20 0:00,1
College Board Test 1,math,49,690,3/4/20 0:00,3/4/20 0:00,1
College Board Test 1,math,50,700,3/4/20 0:00,3/4/20 0:00,1
College Board Test 1,math,51,710,3/4/20 0:00,3/4/20 0:00,1
College Board Test 1,math,52,730,3/4/20 0:00,3/4/20 0:00,1
College Board Test 1,math,53,740,3/4/20 0:00,3/4/20 0:00,1
College Board Test 1,math,54,750,3/4/20 0:00,3/4/20 0:00,1
College Board Test 1,math,55,760,3/4/20 0:00,3/4/20 0:00,1
College Board Test 1,math,56,780,3/4/20 0:00,3/4/20 0:00,1
College Board Test 1,math,57,790,3/4/20 0:00,3/4/20 0:00,1
College Board Test 1,math,58,800,3/4/20 0:00,3/4/20 0:00,1
College Board Test 2,reading,0,10,3/4/20 0:00,3/4/20 0:00,2
College Board Test 2,reading,1,10,3/4/20 0:00,3/4/20 0:00,2
College Board Test 2,reading,2,10,3/4/20 0:00,3/4/20 0:00,2
College Board Test 2,reading,3,11,3/4/20 0:00,3/4/20 0:00,2
College Board Test 2,reading,4,12,3/4/20 0:00,3/4/20 0:00,2
College Board Test 2,reading,5,13,3/4/20 0:00,3/4/20 0:00,2
College Board Test 2,reading,6,14,3/4/20 0:00,3/4/20 0:00,2
College Board Test 2,reading,7,15,3/4/20 0:00,3/4/20 0:00,2
College Board Test 2,reading,8,15,3/4/20 0:00,3/4/20 0:00,2
College Board Test 2,reading,9,16,3/4/20 0:00,3/4/20 0:00,2
College Board Test 2,reading,10,17,3/4/20 0:00,3/4/20 0:00,2
College Board Test 2,reading,11,18,3/4/20 0:00,3/4/20 0:00,2
College Board Test 2,reading,12,18,3/4/20 0:00,3/4/20 0:00,2
College Board Test 2,reading,13,19,3/4/20 0:00,3/4/20 0:00,2
College Board Test 2,reading,14,19,3/4/20 0:00,3/4/20 0:00,2
College Board Test 2,reading,15,20,3/4/20 0:00,3/4/20 0:00,2
College Board Test 2,reading,16,20,3/4/20 0:00,3/4/20 0:00,2
College Board Test 2,reading,17,21,3/4/20 0:00,3/4/20 0:00,2
College Board Test 2,reading,18,21,3/4/20 0:00,3/4/20 0:00,2
College Board Test 2,reading,19,22,3/4/20 0:00,3/4/20 0:00,2
College Board Test 2,reading,20,22,3/4/20 0:00,3/4/20 0:00,2
College Board Test 2,reading,21,23,3/4/20 0:00,3/4/20 0:00,2
College Board Test 2,reading,22,23,3/4/20 0:00,3/4/20 0:00,2
College Board Test 2,reading,23,24,3/4/20 0:00,3/4/20 0:00,2
College Board Test 2,reading,24,24,3/4/20 0:00,3/4/20 0:00,2
College Board Test 2,reading,25,24,3/4/20 0:00,3/4/20 0:00,2
College Board Test 2,reading,26,25,3/4/20 0:00,3/4/20 0:00,2
College Board Test 2,reading,27,25,3/4/20 0:00,3/4/20 0:00,2
College Board Test 2,reading,28,26,3/4/20 0:00,3/4/20 0:00,2
College Board Test 2,reading,29,27,3/4/20 0:00,3/4/20 0:00,2
College Board Test 2,reading,30,27,3/4/20 0:00,3/4/20 0:00,2
College Board Test 2,reading,31,28,3/4/20 0:00,3/4/20 0:00,2
College Board Test 2,reading,32,28,3/4/20 0:00,3/4/20 0:00,2
College Board Test 2,reading,33,29,3/4/20 0:00,3/4/20 0:00,2
College Board Test 2,reading,34,29,3/4/20 0:00,3/4/20 0:00,2
College Board Test 2,reading,35,30,3/4/20 0:00,3/4/20 0:00,2
College Board Test 2,reading,36,30,3/4/20 0:00,3/4/20 0:00,2
College Board Test 2,reading,37,31,3/4/20 0:00,3/4/20 0:00,2
College Board Test 2,reading,38,31,3/4/20 0:00,3/4/20 0:00,2
College Board Test 2,reading,39,32,3/4/20 0:00,3/4/20 0:00,2
College Board Test 2,reading,40,32,3/4/20 0:00,3/4/20 0:00,2
College Board Test 2,reading,41,33,3/4/20 0:00,3/4/20 0:00,2
College Board Test 2,reading,42,33,3/4/20 0:00,3/4/20 0:00,2
College Board Test 2,reading,43,34,3/4/20 0:00,3/4/20 0:00,2
College Board Test 2,reading,44,34,3/4/20 0:00,3/4/20 0:00,2
College Board Test 2,reading,45,35,3/4/20 0:00,3/4/20 0:00,2
College Board Test 2,reading,46,35,3/4/20 0:00,3/4/20 0:00,2
College Board Test 2,reading,47,36,3/4/20 0:00,3/4/20 0:00,2
College Board Test 2,reading,48,37,3/4/20 0:00,3/4/20 0:00,2
College Board Test 2,reading,49,37,3/4/20 0:00,3/4/20 0:00,2
College Board Test 2,reading,50,38,3/4/20 0:00,3/4/20 0:00,2
College Board Test 2,reading,51,39,3/4/20 0:00,3/4/20 0:00,2
College Board Test 2,reading,52,40,3/4/20 0:00,3/4/20 0:00,2
College Board Test 2,writing,0,10,3/4/20 0:00,3/4/20 0:00,2
College Board Test 2,writing,1,10,3/4/20 0:00,3/4/20 0:00,2
College Board Test 2,writing,2,10,3/4/20 0:00,3/4/20 0:00,2
College Board Test 2,writing,3,11,3/4/20 0:00,3/4/20 0:00,2
College Board Test 2,writing,4,12,3/4/20 0:00,3/4/20 0:00,2
College Board Test 2,writing,5,13,3/4/20 0:00,3/4/20 0:00,2
College Board Test 2,writing,6,14,3/4/20 0:00,3/4/20 0:00,2
College Board Test 2,writing,7,14,3/4/20 0:00,3/4/20 0:00,2
College Board Test 2,writing,8,15,3/4/20 0:00,3/4/20 0:00,2
College Board Test 2,writing,9,16,3/4/20 0:00,3/4/20 0:00,2
College Board Test 2,writing,10,17,3/4/20 0:00,3/4/20 0:00,2
College Board Test 2,writing,11,17,3/4/20 0:00,3/4/20 0:00,2
College Board Test 2,writing,12,18,3/4/20 0:00,3/4/20 0:00,2
College Board Test 2,writing,13,18,3/4/20 0:00,3/4/20 0:00,2
College Board Test 2,writing,14,19,3/4/20 0:00,3/4/20 0:00,2
College Board Test 2,writing,15,20,3/4/20 0:00,3/4/20 0:00,2
College Board Test 2,writing,16,20,3/4/20 0:00,3/4/20 0:00,2
College Board Test 2,writing,17,21,3/4/20 0:00,3/4/20 0:00,2
College Board Test 2,writing,18,22,3/4/20 0:00,3/4/20 0:00,2
College Board Test 2,writing,19,22,3/4/20 0:00,3/4/20 0:00,2
College Board Test 2,writing,20,23,3/4/20 0:00,3/4/20 0:00,2
College Board Test 2,writing,21,23,3/4/20 0:00,3/4/20 0:00,2
College Board Test 2,writing,22,24,3/4/20 0:00,3/4/20 0:00,2
College Board Test 2,writing,23,25,3/4/20 0:00,3/4/20 0:00,2
College Board Test 2,writing,24,25,3/4/20 0:00,3/4/20 0:00,2
College Board Test 2,writing,25,26,3/4/20 0:00,3/4/20 0:00,2
College Board Test 2,writing,26,26,3/4/20 0:00,3/4/20 0:00,2
College Board Test 2,writing,27,27,3/4/20 0:00,3/4/20 0:00,2
College Board Test 2,writing,28,27,3/4/20 0:00,3/4/20 0:00,2
College Board Test 2,writing,29,28,3/4/20 0:00,3/4/20 0:00,2
College Board Test 2,writing,30,29,3/4/20 0:00,3/4/20 0:00,2
College Board Test 2,writing,31,29,3/4/20 0:00,3/4/20 0:00,2
College Board Test 2,writing,32,30,3/4/20 0:00,3/4/20 0:00,2
College Board Test 2,writing,33,31,3/4/20 0:00,3/4/20 0:00,2
College Board Test 2,writing,34,31,3/4/20 0:00,3/4/20 0:00,2
College Board Test 2,writing,35,32,3/4/20 0:00,3/4/20 0:00,2
College Board Test 2,writing,36,33,3/4/20 0:00,3/4/20 0:00,2
College Board Test 2,writing,37,33,3/4/20 0:00,3/4/20 0:00,2
College Board Test 2,writing,38,34,3/4/20 0:00,3/4/20 0:00,2
College Board Test 2,writing,39,35,3/4/20 0:00,3/4/20 0:00,2
College Board Test 2,writing,40,36,3/4/20 0:00,3/4/20 0:00,2
College Board Test 2,writing,41,37,3/4/20 0:00,3/4/20 0:00,2
College Board Test 2,writing,42,38,3/4/20 0:00,3/4/20 0:00,2
College Board Test 2,writing,43,39,3/4/20 0:00,3/4/20 0:00,2
College Board Test 2,writing,44,40,3/4/20 0:00,3/4/20 0:00,2
College Board Test 2,math,0,200,3/4/20 0:00,3/4/20 0:00,2
College Board Test 2,math,1,200,3/4/20 0:00,3/4/20 0:00,2
College Board Test 2,math,2,210,3/4/20 0:00,3/4/20 0:00,2
College Board Test 2,math,3,230,3/4/20 0:00,3/4/20 0:00,2
College Board Test 2,math,4,250,3/4/20 0:00,3/4/20 0:00,2
College Board Test 2,math,5,270,3/4/20 0:00,3/4/20 0:00,2
College Board Test 2,math,6,290,3/4/20 0:00,3/4/20 0:00,2
College Board Test 2,math,7,300,3/4/20 0:00,3/4/20 0:00,2
College Board Test 2,math,8,320,3/4/20 0:00,3/4/20 0:00,2
College Board Test 2,math,9,330,3/4/20 0:00,3/4/20 0:00,2
College Board Test 2,math,10,340,3/4/20 0:00,3/4/20 0:00,2
College Board Test 2,math,11,360,3/4/20 0:00,3/4/20 0:00,2
College Board Test 2,math,12,370,3/4/20 0:00,3/4/20 0:00,2
College Board Test 2,math,13,380,3/4/20 0:00,3/4/20 0:00,2
College Board Test 2,math,14,390,3/4/20 0:00,3/4/20 0:00,2
College Board Test 2,math,15,400,3/4/20 0:00,3/4/20 0:00,2
College Board Test 2,math,16,420,3/4/20 0:00,3/4/20 0:00,2
College Board Test 2,math,17,430,3/4/20 0:00,3/4/20 0:00,2
College Board Test 2,math,18,440,3/4/20 0:00,3/4/20 0:00,2
College Board Test 2,math,19,450,3/4/20 0:00,3/4/20 0:00,2
College Board Test 2,math,20,460,3/4/20 0:00,3/4/20 0:00,2
College Board Test 2,math,21,470,3/4/20 0:00,3/4/20 0:00,2
College Board Test 2,math,22,480,3/4/20 0:00,3/4/20 0:00,2
College Board Test 2,math,23,490,3/4/20 0:00,3/4/20 0:00,2
College Board Test 2,math,24,500,3/4/20 0:00,3/4/20 0:00,2
College Board Test 2,math,25,510,3/4/20 0:00,3/4/20 0:00,2
College Board Test 2,math,26,510,3/4/20 0:00,3/4/20 0:00,2
College Board Test 2,math,27,520,3/4/20 0:00,3/4/20 0:00,2
College Board Test 2,math,28,530,3/4/20 0:00,3/4/20 0:00,2
College Board Test 2,math,29,540,3/4/20 0:00,3/4/20 0:00,2
College Board Test 2,math,30,550,3/4/20 0:00,3/4/20 0:00,2
College Board Test 2,math,31,560,3/4/20 0:00,3/4/20 0:00,2
College Board Test 2,math,32,570,3/4/20 0:00,3/4/20 0:00,2
College Board Test 2,math,33,570,3/4/20 0:00,3/4/20 0:00,2
College Board Test 2,math,34,580,3/4/20 0:00,3/4/20 0:00,2
College Board Test 2,math,35,590,3/4/20 0:00,3/4/20 0:00,2
College Board Test 2,math,36,600,3/4/20 0:00,3/4/20 0:00,2
College Board Test 2,math,37,610,3/4/20 0:00,3/4/20 0:00,2
College Board Test 2,math,38,620,3/4/20 0:00,3/4/20 0:00,2
College Board Test 2,math,39,630,3/4/20 0:00,3/4/20 0:00,2
College Board Test 2,math,40,640,3/4/20 0:00,3/4/20 0:00,2
College Board Test 2,math,41,650,3/4/20 0:00,3/4/20 0:00,2
College Board Test 2,math,42,650,3/4/20 0:00,3/4/20 0:00,2
College Board Test 2,math,43,660,3/4/20 0:00,3/4/20 0:00,2
College Board Test 2,math,44,670,3/4/20 0:00,3/4/20 0:00,2
College Board Test 2,math,45,680,3/4/20 0:00,3/4/20 0:00,2
College Board Test 2,math,46,690,3/4/20 0:00,3/4/20 0:00,2
College Board Test 2,math,47,690,3/4/20 0:00,3/4/20 0:00,2
College Board Test 2,math,48,700,3/4/20 0:00,3/4/20 0:00,2
College Board Test 2,math,49,710,3/4/20 0:00,3/4/20 0:00,2
College Board Test 2,math,50,720,3/4/20 0:00,3/4/20 0:00,2
College Board Test 2,math,51,730,3/4/20 0:00,3/4/20 0:00,2
College Board Test 2,math,52,740,3/4/20 0:00,3/4/20 0:00,2
College Board Test 2,math,53,750,3/4/20 0:00,3/4/20 0:00,2
College Board Test 2,math,54,760,3/4/20 0:00,3/4/20 0:00,2
College Board Test 2,math,55,770,3/4/20 0:00,3/4/20 0:00,2
College Board Test 2,math,56,780,3/4/20 0:00,3/4/20 0:00,2
College Board Test 2,math,57,790,3/4/20 0:00,3/4/20 0:00,2
College Board Test 2,math,58,800,3/4/20 0:00,3/4/20 0:00,2
College Board Test 3,reading,0,10,3/4/20 0:00,3/4/20 0:00,3
College Board Test 3,reading,1,10,3/4/20 0:00,3/4/20 0:00,3
College Board Test 3,reading,2,10,3/4/20 0:00,3/4/20 0:00,3
College Board Test 3,reading,3,11,3/4/20 0:00,3/4/20 0:00,3
College Board Test 3,reading,4,12,3/4/20 0:00,3/4/20 0:00,3
College Board Test 3,reading,5,13,3/4/20 0:00,3/4/20 0:00,3
College Board Test 3,reading,6,14,3/4/20 0:00,3/4/20 0:00,3
College Board Test 3,reading,7,14,3/4/20 0:00,3/4/20 0:00,3
College Board Test 3,reading,8,15,3/4/20 0:00,3/4/20 0:00,3
College Board Test 3,reading,9,16,3/4/20 0:00,3/4/20 0:00,3
College Board Test 3,reading,10,17,3/4/20 0:00,3/4/20 0:00,3
College Board Test 3,reading,11,17,3/4/20 0:00,3/4/20 0:00,3
College Board Test 3,reading,12,18,3/4/20 0:00,3/4/20 0:00,3
College Board Test 3,reading,13,19,3/4/20 0:00,3/4/20 0:00,3
College Board Test 3,reading,14,19,3/4/20 0:00,3/4/20 0:00,3
College Board Test 3,reading,15,20,3/4/20 0:00,3/4/20 0:00,3
College Board Test 3,reading,16,21,3/4/20 0:00,3/4/20 0:00,3
College Board Test 3,reading,17,21,3/4/20 0:00,3/4/20 0:00,3
College Board Test 3,reading,18,22,3/4/20 0:00,3/4/20 0:00,3
College Board Test 3,reading,19,22,3/4/20 0:00,3/4/20 0:00,3
College Board Test 3,reading,20,23,3/4/20 0:00,3/4/20 0:00,3
College Board Test 3,reading,21,24,3/4/20 0:00,3/4/20 0:00,3
College Board Test 3,reading,22,24,3/4/20 0:00,3/4/20 0:00,3
College Board Test 3,reading,23,25,3/4/20 0:00,3/4/20 0:00,3
College Board Test 3,reading,24,25,3/4/20 0:00,3/4/20 0:00,3
College Board Test 3,reading,25,26,3/4/20 0:00,3/4/20 0:00,3
College Board Test 3,reading,26,26,3/4/20 0:00,3/4/20 0:00,3
College Board Test 3,reading,27,27,3/4/20 0:00,3/4/20 0:00,3
College Board Test 3,reading,28,27,3/4/20 0:00,3/4/20 0:00,3
College Board Test 3,reading,29,28,3/4/20 0:00,3/4/20 0:00,3
College Board Test 3,reading,30,28,3/4/20 0:00,3/4/20 0:00,3
College Board Test 3,reading,31,29,3/4/20 0:00,3/4/20 0:00,3
College Board Test 3,reading,32,29,3/4/20 0:00,3/4/20 0:00,3
College Board Test 3,reading,33,29,3/4/20 0:00,3/4/20 0:00,3
College Board Test 3,reading,34,30,3/4/20 0:00,3/4/20 0:00,3
College Board Test 3,reading,35,30,3/4/20 0:00,3/4/20 0:00,3
College Board Test 3,reading,36,31,3/4/20 0:00,3/4/20 0:00,3
College Board Test 3,reading,37,31,3/4/20 0:00,3/4/20 0:00,3
College Board Test 3,reading,38,32,3/4/20 0:00,3/4/20 0:00,3
College Board Test 3,reading,39,32,3/4/20 0:00,3/4/20 0:00,3
College Board Test 3,reading,40,33,3/4/20 0:00,3/4/20 0:00,3
College Board Test 3,reading,41,33,3/4/20 0:00,3/4/20 0:00,3
College Board Test 3,reading,42,34,3/4/20 0:00,3/4/20 0:00,3
College Board Test 3,reading,43,34,3/4/20 0:00,3/4/20 0:00,3
College Board Test 3,reading,44,35,3/4/20 0:00,3/4/20 0:00,3
College Board Test 3,reading,45,36,3/4/20 0:00,3/4/20 0:00,3
College Board Test 3,reading,46,36,3/4/20 0:00,3/4/20 0:00,3
College Board Test 3,reading,47,37,3/4/20 0:00,3/4/20 0:00,3
College Board Test 3,reading,48,38,3/4/20 0:00,3/4/20 0:00,3
College Board Test 3,reading,49,38,3/4/20 0:00,3/4/20 0:00,3
College Board Test 3,reading,50,39,3/4/20 0:00,3/4/20 0:00,3
College Board Test 3,reading,51,40,3/4/20 0:00,3/4/20 0:00,3
College Board Test 3,reading,52,40,3/4/20 0:00,3/4/20 0:00,3
College Board Test 3,writing,0,10,3/4/20 0:00,3/4/20 0:00,3
College Board Test 3,writing,1,10,3/4/20 0:00,3/4/20 0:00,3
College Board Test 3,writing,2,10,3/4/20 0:00,3/4/20 0:00,3
College Board Test 3,writing,3,11,3/4/20 0:00,3/4/20 0:00,3
College Board Test 3,writing,4,12,3/4/20 0:00,3/4/20 0:00,3
College Board Test 3,writing,5,13,3/4/20 0:00,3/4/20 0:00,3
College Board Test 3,writing,6,14,3/4/20 0:00,3/4/20 0:00,3
College Board Test 3,writing,7,15,3/4/20 0:00,3/4/20 0:00,3
College Board Test 3,writing,8,16,3/4/20 0:00,3/4/20 0:00,3
College Board Test 3,writing,9,17,3/4/20 0:00,3/4/20 0:00,3
College Board Test 3,writing,10,18,3/4/20 0:00,3/4/20 0:00,3
College Board Test 3,writing,11,18,3/4/20 0:00,3/4/20 0:00,3
College Board Test 3,writing,12,19,3/4/20 0:00,3/4/20 0:00,3
College Board Test 3,writing,13,19,3/4/20 0:00,3/4/20 0:00,3
College Board Test 3,writing,14,20,3/4/20 0:00,3/4/20 0:00,3
College Board Test 3,writing,15,21,3/4/20 0:00,3/4/20 0:00,3
College Board Test 3,writing,16,22,3/4/20 0:00,3/4/20 0:00,3
College Board Test 3,writing,17,22,3/4/20 0:00,3/4/20 0:00,3
College Board Test 3,writing,18,23,3/4/20 0:00,3/4/20 0:00,3
College Board Test 3,writing,19,24,3/4/20 0:00,3/4/20 0:00,3
College Board Test 3,writing,20,24,3/4/20 0:00,3/4/20 0:00,3
College Board Test 3,writing,21,25,3/4/20 0:00,3/4/20 0:00,3
College Board Test 3,writing,22,25,3/4/20 0:00,3/4/20 0:00,3
College Board Test 3,writing,23,26,3/4/20 0:00,3/4/20 0:00,3
College Board Test 3,writing,24,26,3/4/20 0:00,3/4/20 0:00,3
College Board Test 3,writing,25,27,3/4/20 0:00,3/4/20 0:00,3
College Board Test 3,writing,26,27,3/4/20 0:00,3/4/20 0:00,3
College Board Test 3,writing,27,28,3/4/20 0:00,3/4/20 0:00,3
College Board Test 3,writing,28,29,3/4/20 0:00,3/4/20 0:00,3
College Board Test 3,writing,29,29,3/4/20 0:00,3/4/20 0:00,3
College Board Test 3,writing,30,30,3/4/20 0:00,3/4/20 0:00,3
College Board Test 3,writing,31,30,3/4/20 0:00,3/4/20 0:00,3
College Board Test 3,writing,32,31,3/4/20 0:00,3/4/20 0:00,3
College Board Test 3,writing,33,32,3/4/20 0:00,3/4/20 0:00,3
College Board Test 3,writing,34,33,3/4/20 0:00,3/4/20 0:00,3
College Board Test 3,writing,35,33,3/4/20 0:00,3/4/20 0:00,3
College Board Test 3,writing,36,34,3/4/20 0:00,3/4/20 0:00,3
College Board Test 3,writing,37,34,3/4/20 0:00,3/4/20 0:00,3
College Board Test 3,writing,38,35,3/4/20 0:00,3/4/20 0:00,3
College Board Test 3,writing,39,35,3/4/20 0:00,3/4/20 0:00,3
College Board Test 3,writing,40,36,3/4/20 0:00,3/4/20 0:00,3
College Board Test 3,writing,41,37,3/4/20 0:00,3/4/20 0:00,3
College Board Test 3,writing,42,38,3/4/20 0:00,3/4/20 0:00,3
College Board Test 3,writing,43,39,3/4/20 0:00,3/4/20 0:00,3
College Board Test 3,writing,44,40,3/4/20 0:00,3/4/20 0:00,3
College Board Test 3,math,0,200,3/4/20 0:00,3/4/20 0:00,3
College Board Test 3,math,1,200,3/4/20 0:00,3/4/20 0:00,3
College Board Test 3,math,2,210,3/4/20 0:00,3/4/20 0:00,3
College Board Test 3,math,3,230,3/4/20 0:00,3/4/20 0:00,3
College Board Test 3,math,4,250,3/4/20 0:00,3/4/20 0:00,3
College Board Test 3,math,5,270,3/4/20 0:00,3/4/20 0:00,3
College Board Test 3,math,6,290,3/4/20 0:00,3/4/20 0:00,3
College Board Test 3,math,7,300,3/4/20 0:00,3/4/20 0:00,3
College Board Test 3,math,8,320,3/4/20 0:00,3/4/20 0:00,3
College Board Test 3,math,9,330,3/4/20 0:00,3/4/20 0:00,3
College Board Test 3,math,10,340,3/4/20 0:00,3/4/20 0:00,3
College Board Test 3,math,11,360,3/4/20 0:00,3/4/20 0:00,3
College Board Test 3,math,12,370,3/4/20 0:00,3/4/20 0:00,3
College Board Test 3,math,13,380,3/4/20 0:00,3/4/20 0:00,3
College Board Test 3,math,14,390,3/4/20 0:00,3/4/20 0:00,3
College Board Test 3,math,15,410,3/4/20 0:00,3/4/20 0:00,3
College Board Test 3,math,16,420,3/4/20 0:00,3/4/20 0:00,3
College Board Test 3,math,17,430,3/4/20 0:00,3/4/20 0:00,3
College Board Test 3,math,18,440,3/4/20 0:00,3/4/20 0:00,3
College Board Test 3,math,19,450,3/4/20 0:00,3/4/20 0:00,3
College Board Test 3,math,20,460,3/4/20 0:00,3/4/20 0:00,3
College Board Test 3,math,21,470,3/4/20 0:00,3/4/20 0:00,3
College Board Test 3,math,22,480,3/4/20 0:00,3/4/20 0:00,3
College Board Test 3,math,23,490,3/4/20 0:00,3/4/20 0:00,3
College Board Test 3,math,24,500,3/4/20 0:00,3/4/20 0:00,3
College Board Test 3,math,25,510,3/4/20 0:00,3/4/20 0:00,3
College Board Test 3,math,26,530,3/4/20 0:00,3/4/20 0:00,3
College Board Test 3,math,27,540,3/4/20 0:00,3/4/20 0:00,3
College Board Test 3,math,28,550,3/4/20 0:00,3/4/20 0:00,3
College Board Test 3,math,29,560,3/4/20 0:00,3/4/20 0:00,3
College Board Test 3,math,30,570,3/4/20 0:00,3/4/20 0:00,3
College Board Test 3,math,31,580,3/4/20 0:00,3/4/20 0:00,3
College Board Test 3,math,32,580,3/4/20 0:00,3/4/20 0:00,3
College Board Test 3,math,33,590,3/4/20 0:00,3/4/20 0:00,3
College Board Test 3,math,34,600,3/4/20 0:00,3/4/20 0:00,3
College Board Test 3,math,35,610,3/4/20 0:00,3/4/20 0:00,3
College Board Test 3,math,36,620,3/4/20 0:00,3/4/20 0:00,3
College Board Test 3,math,37,630,3/4/20 0:00,3/4/20 0:00,3
College Board Test 3,math,38,630,3/4/20 0:00,3/4/20 0:00,3
College Board Test 3,math,39,640,3/4/20 0:00,3/4/20 0:00,3
College Board Test 3,math,40,650,3/4/20 0:00,3/4/20 0:00,3
College Board Test 3,math,41,660,3/4/20 0:00,3/4/20 0:00,3
College Board Test 3,math,42,660,3/4/20 0:00,3/4/20 0:00,3
College Board Test 3,math,43,670,3/4/20 0:00,3/4/20 0:00,3
College Board Test 3,math,44,680,3/4/20 0:00,3/4/20 0:00,3
College Board Test 3,math,45,680,3/4/20 0:00,3/4/20 0:00,3
College Board Test 3,math,46,690,3/4/20 0:00,3/4/20 0:00,3
College Board Test 3,math,47,690,3/4/20 0:00,3/4/20 0:00,3
College Board Test 3,math,48,700,3/4/20 0:00,3/4/20 0:00,3
College Board Test 3,math,49,710,3/4/20 0:00,3/4/20 0:00,3
College Board Test 3,math,50,710,3/4/20 0:00,3/4/20 0:00,3
College Board Test 3,math,51,720,3/4/20 0:00,3/4/20 0:00,3
College Board Test 3,math,52,730,3/4/20 0:00,3/4/20 0:00,3
College Board Test 3,math,53,740,3/4/20 0:00,3/4/20 0:00,3
College Board Test 3,math,54,750,3/4/20 0:00,3/4/20 0:00,3
College Board Test 3,math,55,770,3/4/20 0:00,3/4/20 0:00,3
College Board Test 3,math,56,780,3/4/20 0:00,3/4/20 0:00,3
College Board Test 3,math,57,790,3/4/20 0:00,3/4/20 0:00,3
College Board Test 3,math,58,800,3/4/20 0:00,3/4/20 0:00,3
College Board Test 4,reading,0,10,3/4/20 0:00,3/4/20 0:00,4
College Board Test 4,reading,1,10,3/4/20 0:00,3/4/20 0:00,4
College Board Test 4,reading,2,10,3/4/20 0:00,3/4/20 0:00,4
College Board Test 4,reading,3,11,3/4/20 0:00,3/4/20 0:00,4
College Board Test 4,reading,4,12,3/4/20 0:00,3/4/20 0:00,4
College Board Test 4,reading,5,13,3/4/20 0:00,3/4/20 0:00,4
College Board Test 4,reading,6,14,3/4/20 0:00,3/4/20 0:00,4
College Board Test 4,reading,7,15,3/4/20 0:00,3/4/20 0:00,4
College Board Test 4,reading,8,16,3/4/20 0:00,3/4/20 0:00,4
College Board Test 4,reading,9,16,3/4/20 0:00,3/4/20 0:00,4
College Board Test 4,reading,10,17,3/4/20 0:00,3/4/20 0:00,4
College Board Test 4,reading,11,18,3/4/20 0:00,3/4/20 0:00,4
College Board Test 4,reading,12,18,3/4/20 0:00,3/4/20 0:00,4
College Board Test 4,reading,13,19,3/4/20 0:00,3/4/20 0:00,4
College Board Test 4,reading,14,20,3/4/20 0:00,3/4/20 0:00,4
College Board Test 4,reading,15,20,3/4/20 0:00,3/4/20 0:00,4
College Board Test 4,reading,16,21,3/4/20 0:00,3/4/20 0:00,4
College Board Test 4,reading,17,21,3/4/20 0:00,3/4/20 0:00,4
College Board Test 4,reading,18,22,3/4/20 0:00,3/4/20 0:00,4
College Board Test 4,reading,19,22,3/4/20 0:00,3/4/20 0:00,4
College Board Test 4,reading,20,23,3/4/20 0:00,3/4/20 0:00,4
College Board Test 4,reading,21,23,3/4/20 0:00,3/4/20 0:00,4
College Board Test 4,reading,22,23,3/4/20 0:00,3/4/20 0:00,4
College Board Test 4,reading,23,24,3/4/20 0:00,3/4/20 0:00,4
College Board Test 4,reading,24,24,3/4/20 0:00,3/4/20 0:00,4
College Board Test 4,reading,25,25,3/4/20 0:00,3/4/20 0:00,4
College Board Test 4,reading,26,25,3/4/20 0:00,3/4/20 0:00,4
College Board Test 4,reading,27,26,3/4/20 0:00,3/4/20 0:00,4
College Board Test 4,reading,28,26,3/4/20 0:00,3/4/20 0:00,4
College Board Test 4,reading,29,27,3/4/20 0:00,3/4/20 0:00,4
College Board Test 4,reading,30,27,3/4/20 0:00,3/4/20 0:00,4
College Board Test 4,reading,31,28,3/4/20 0:00,3/4/20 0:00,4
College Board Test 4,reading,32,28,3/4/20 0:00,3/4/20 0:00,4
College Board Test 4,reading,33,28,3/4/20 0:00,3/4/20 0:00,4
College Board Test 4,reading,34,29,3/4/20 0:00,3/4/20 0:00,4
College Board Test 4,reading,35,29,3/4/20 0:00,3/4/20 0:00,4
College Board Test 4,reading,36,30,3/4/20 0:00,3/4/20 0:00,4
College Board Test 4,reading,37,30,3/4/20 0:00,3/4/20 0:00,4
College Board Test 4,reading,38,31,3/4/20 0:00,3/4/20 0:00,4
College Board Test 4,reading,39,31,3/4/20 0:00,3/4/20 0:00,4
College Board Test 4,reading,40,32,3/4/20 0:00,3/4/20 0:00,4
College Board Test 4,reading,41,32,3/4/20 0:00,3/4/20 0:00,4
College Board Test 4,reading,42,33,3/4/20 0:00,3/4/20 0:00,4
College Board Test 4,reading,43,33,3/4/20 0:00,3/4/20 0:00,4
College Board Test 4,reading,44,34,3/4/20 0:00,3/4/20 0:00,4
College Board Test 4,reading,45,35,3/4/20 0:00,3/4/20 0:00,4
College Board Test 4,reading,46,35,3/4/20 0:00,3/4/20 0:00,4
College Board Test 4,reading,47,36,3/4/20 0:00,3/4/20 0:00,4
College Board Test 4,reading,48,37,3/4/20 0:00,3/4/20 0:00,4
College Board Test 4,reading,49,38,3/4/20 0:00,3/4/20 0:00,4
College Board Test 4,reading,50,39,3/4/20 0:00,3/4/20 0:00,4
College Board Test 4,reading,51,39,3/4/20 0:00,3/4/20 0:00,4
College Board Test 4,reading,52,40,3/4/20 0:00,3/4/20 0:00,4
College Board Test 4,writing,0,10,3/4/20 0:00,3/4/20 0:00,4
College Board Test 4,writing,1,10,3/4/20 0:00,3/4/20 0:00,4
College Board Test 4,writing,2,10,3/4/20 0:00,3/4/20 0:00,4
College Board Test 4,writing,3,10,3/4/20 0:00,3/4/20 0:00,4
College Board Test 4,writing,4,11,3/4/20 0:00,3/4/20 0:00,4
College Board Test 4,writing,5,12,3/4/20 0:00,3/4/20 0:00,4
College Board Test 4,writing,6,13,3/4/20 0:00,3/4/20 0:00,4
College Board Test 4,writing,7,14,3/4/20 0:00,3/4/20 0:00,4
College Board Test 4,writing,8,15,3/4/20 0:00,3/4/20 0:00,4
College Board Test 4,writing,9,16,3/4/20 0:00,3/4/20 0:00,4
College Board Test 4,writing,10,16,3/4/20 0:00,3/4/20 0:00,4
College Board Test 4,writing,11,17,3/4/20 0:00,3/4/20 0:00,4
College Board Test 4,writing,12,18,3/4/20 0:00,3/4/20 0:00,4
College Board Test 4,writing,13,19,3/4/20 0:00,3/4/20 0:00,4
College Board Test 4,writing,14,19,3/4/20 0:00,3/4/20 0:00,4
College Board Test 4,writing,15,20,3/4/20 0:00,3/4/20 0:00,4
College Board Test 4,writing,16,21,3/4/20 0:00,3/4/20 0:00,4
College Board Test 4,writing,17,22,3/4/20 0:00,3/4/20 0:00,4
College Board Test 4,writing,18,23,3/4/20 0:00,3/4/20 0:00,4
College Board Test 4,writing,19,23,3/4/20 0:00,3/4/20 0:00,4
College Board Test 4,writing,20,24,3/4/20 0:00,3/4/20 0:00,4
College Board Test 4,writing,21,24,3/4/20 0:00,3/4/20 0:00,4
College Board Test 4,writing,22,25,3/4/20 0:00,3/4/20 0:00,4
College Board Test 4,writing,23,26,3/4/20 0:00,3/4/20 0:00,4
College Board Test 4,writing,24,26,3/4/20 0:00,3/4/20 0:00,4
College Board Test 4,writing,25,27,3/4/20 0:00,3/4/20 0:00,4
College Board Test 4,writing,26,27,3/4/20 0:00,3/4/20 0:00,4
College Board Test 4,writing,27,28,3/4/20 0:00,3/4/20 0:00,4
College Board Test 4,writing,28,29,3/4/20 0:00,3/4/20 0:00,4
College Board Test 4,writing,29,29,3/4/20 0:00,3/4/20 0:00,4
College Board Test 4,writing,30,30,3/4/20 0:00,3/4/20 0:00,4
College Board Test 4,writing,31,31,3/4/20 0:00,3/4/20 0:00,4
College Board Test 4,writing,32,31,3/4/20 0:00,3/4/20 0:00,4
College Board Test 4,writing,33,32,3/4/20 0:00,3/4/20 0:00,4
College Board Test 4,writing,34,32,3/4/20 0:00,3/4/20 0:00,4
College Board Test 4,writing,35,33,3/4/20 0:00,3/4/20 0:00,4
College Board Test 4,writing,36,33,3/4/20 0:00,3/4/20 0:00,4
College Board Test 4,writing,37,34,3/4/20 0:00,3/4/20 0:00,4
College Board Test 4,writing,38,35,3/4/20 0:00,3/4/20 0:00,4
College Board Test 4,writing,39,36,3/4/20 0:00,3/4/20 0:00,4
College Board Test 4,writing,40,37,3/4/20 0:00,3/4/20 0:00,4
College Board Test 4,writing,41,37,3/4/20 0:00,3/4/20 0:00,4
College Board Test 4,writing,42,38,3/4/20 0:00,3/4/20 0:00,4
College Board Test 4,writing,43,39,3/4/20 0:00,3/4/20 0:00,4
College Board Test 4,writing,44,40,3/4/20 0:00,3/4/20 0:00,4
College Board Test 4,math,0,200,3/4/20 0:00,3/4/20 0:00,4
College Board Test 4,math,1,200,3/4/20 0:00,3/4/20 0:00,4
College Board Test 4,math,2,210,3/4/20 0:00,3/4/20 0:00,4
College Board Test 4,math,3,230,3/4/20 0:00,3/4/20 0:00,4
College Board Test 4,math,4,250,3/4/20 0:00,3/4/20 0:00,4
College Board Test 4,math,5,270,3/4/20 0:00,3/4/20 0:00,4
College Board Test 4,math,6,280,3/4/20 0:00,3/4/20 0:00,4
College Board Test 4,math,7,300,3/4/20 0:00,3/4/20 0:00,4
College Board Test 4,math,8,320,3/4/20 0:00,3/4/20 0:00,4
College Board Test 4,math,9,340,3/4/20 0:00,3/4/20 0:00,4
College Board Test 4,math,10,350,3/4/20 0:00,3/4/20 0:00,4
College Board Test 4,math,11,360,3/4/20 0:00,3/4/20 0:00,4
College Board Test 4,math,12,370,3/4/20 0:00,3/4/20 0:00,4
College Board Test 4,math,13,390,3/4/20 0:00,3/4/20 0:00,4
College Board Test 4,math,14,410,3/4/20 0:00,3/4/20 0:00,4
College Board Test 4,math,15,420,3/4/20 0:00,3/4/20 0:00,4
College Board Test 4,math,16,430,3/4/20 0:00,3/4/20 0:00,4
College Board Test 4,math,17,450,3/4/20 0:00,3/4/20 0:00,4
College Board Test 4,math,18,460,3/4/20 0:00,3/4/20 0:00,4
College Board Test 4,math,19,470,3/4/20 0:00,3/4/20 0:00,4
College Board Test 4,math,20,480,3/4/20 0:00,3/4/20 0:00,4
College Board Test 4,math,21,490,3/4/20 0:00,3/4/20 0:00,4
College Board Test 4,math,22,500,3/4/20 0:00,3/4/20 0:00,4
College Board Test 4,math,23,510,3/4/20 0:00,3/4/20 0:00,4
College Board Test 4,math,24,520,3/4/20 0:00,3/4/20 0:00,4
College Board Test 4,math,25,530,3/4/20 0:00,3/4/20 0:00,4
College Board Test 4,math,26,540,3/4/20 0:00,3/4/20 0:00,4
College Board Test 4,math,27,550,3/4/20 0:00,3/4/20 0:00,4
College Board Test 4,math,28,560,3/4/20 0:00,3/4/20 0:00,4
College Board Test 4,math,29,570,3/4/20 0:00,3/4/20 0:00,4
College Board Test 4,math,30,580,3/4/20 0:00,3/4/20 0:00,4
College Board Test 4,math,31,590,3/4/20 0:00,3/4/20 0:00,4
College Board Test 4,math,32,600,3/4/20 0:00,3/4/20 0:00,4
College Board Test 4,math,33,600,3/4/20 0:00,3/4/20 0:00,4
College Board Test 4,math,34,610,3/4/20 0:00,3/4/20 0:00,4
College Board Test 4,math,35,620,3/4/20 0:00,3/4/20 0:00,4
College Board Test 4,math,36,630,3/4/20 0:00,3/4/20 0:00,4
College Board Test 4,math,37,640,3/4/20 0:00,3/4/20 0:00,4
College Board Test 4,math,38,650,3/4/20 0:00,3/4/20 0:00,4
College Board Test 4,math,39,660,3/4/20 0:00,3/4/20 0:00,4
College Board Test 4,math,40,670,3/4/20 0:00,3/4/20 0:00,4
College Board Test 4,math,41,680,3/4/20 0:00,3/4/20 0:00,4
College Board Test 4,math,42,690,3/4/20 0:00,3/4/20 0:00,4
College Board Test 4,math,43,700,3/4/20 0:00,3/4/20 0:00,4
College Board Test 4,math,44,710,3/4/20 0:00,3/4/20 0:00,4
College Board Test 4,math,45,710,3/4/20 0:00,3/4/20 0:00,4
College Board Test 4,math,46,720,3/4/20 0:00,3/4/20 0:00,4
College Board Test 4,math,47,730,3/4/20 0:00,3/4/20 0:00,4
College Board Test 4,math,48,730,3/4/20 0:00,3/4/20 0:00,4
College Board Test 4,math,49,740,3/4/20 0:00,3/4/20 0:00,4
College Board Test 4,math,50,750,3/4/20 0:00,3/4/20 0:00,4
College Board Test 4,math,51,750,3/4/20 0:00,3/4/20 0:00,4
College Board Test 4,math,52,760,3/4/20 0:00,3/4/20 0:00,4
College Board Test 4,math,53,770,3/4/20 0:00,3/4/20 0:00,4
College Board Test 4,math,54,780,3/4/20 0:00,3/4/20 0:00,4
College Board Test 4,math,55,790,3/4/20 0:00,3/4/20 0:00,4
College Board Test 4,math,56,790,3/4/20 0:00,3/4/20 0:00,4
College Board Test 4,math,57,800,3/4/20 0:00,3/4/20 0:00,4
College Board Test 4,math,58,800,3/4/20 0:00,3/4/20 0:00,4
College Board Test 5,reading,0,10,3/4/20 0:00,3/4/20 0:00,5
College Board Test 5,reading,1,10,3/4/20 0:00,3/4/20 0:00,5
College Board Test 5,reading,2,10,3/4/20 0:00,3/4/20 0:00,5
College Board Test 5,reading,3,10,3/4/20 0:00,3/4/20 0:00,5
College Board Test 5,reading,4,11,3/4/20 0:00,3/4/20 0:00,5
College Board Test 5,reading,5,11,3/4/20 0:00,3/4/20 0:00,5
College Board Test 5,reading,6,12,3/4/20 0:00,3/4/20 0:00,5
College Board Test 5,reading,7,13,3/4/20 0:00,3/4/20 0:00,5
College Board Test 5,reading,8,14,3/4/20 0:00,3/4/20 0:00,5
College Board Test 5,reading,9,14,3/4/20 0:00,3/4/20 0:00,5
College Board Test 5,reading,10,15,3/4/20 0:00,3/4/20 0:00,5
College Board Test 5,reading,11,16,3/4/20 0:00,3/4/20 0:00,5
College Board Test 5,reading,12,16,3/4/20 0:00,3/4/20 0:00,5
College Board Test 5,reading,13,17,3/4/20 0:00,3/4/20 0:00,5
College Board Test 5,reading,14,17,3/4/20 0:00,3/4/20 0:00,5
College Board Test 5,reading,15,18,3/4/20 0:00,3/4/20 0:00,5
College Board Test 5,reading,16,18,3/4/20 0:00,3/4/20 0:00,5
College Board Test 5,reading,17,19,3/4/20 0:00,3/4/20 0:00,5
College Board Test 5,reading,18,20,3/4/20 0:00,3/4/20 0:00,5
College Board Test 5,reading,19,20,3/4/20 0:00,3/4/20 0:00,5
College Board Test 5,reading,20,21,3/4/20 0:00,3/4/20 0:00,5
College Board Test 5,reading,21,21,3/4/20 0:00,3/4/20 0:00,5
College Board Test 5,reading,22,22,3/4/20 0:00,3/4/20 0:00,5
College Board Test 5,reading,23,23,3/4/20 0:00,3/4/20 0:00,5
College Board Test 5,reading,24,23,3/4/20 0:00,3/4/20 0:00,5
College Board Test 5,reading,25,24,3/4/20 0:00,3/4/20 0:00,5
College Board Test 5,reading,26,24,3/4/20 0:00,3/4/20 0:00,5
College Board Test 5,reading,27,25,3/4/20 0:00,3/4/20 0:00,5
College Board Test 5,reading,28,25,3/4/20 0:00,3/4/20 0:00,5
College Board Test 5,reading,29,26,3/4/20 0:00,3/4/20 0:00,5
College Board Test 5,reading,30,26,3/4/20 0:00,3/4/20 0:00,5
College Board Test 5,reading,31,27,3/4/20 0:00,3/4/20 0:00,5
College Board Test 5,reading,32,28,3/4/20 0:00,3/4/20 0:00,5
College Board Test 5,reading,33,28,3/4/20 0:00,3/4/20 0:00,5
College Board Test 5,reading,34,29,3/4/20 0:00,3/4/20 0:00,5
College Board Test 5,reading,35,29,3/4/20 0:00,3/4/20 0:00,5
College Board Test 5,reading,36,29,3/4/20 0:00,3/4/20 0:00,5
College Board Test 5,reading,37,30,3/4/20 0:00,3/4/20 0:00,5
College Board Test 5,reading,38,30,3/4/20 0:00,3/4/20 0:00,5
College Board Test 5,reading,39,31,3/4/20 0:00,3/4/20 0:00,5
College Board Test 5,reading,40,31,3/4/20 0:00,3/4/20 0:00,5
College Board Test 5,reading,41,32,3/4/20 0:00,3/4/20 0:00,5
College Board Test 5,reading,42,32,3/4/20 0:00,3/4/20 0:00,5
College Board Test 5,reading,43,33,3/4/20 0:00,3/4/20 0:00,5
College Board Test 5,reading,44,33,3/4/20 0:00,3/4/20 0:00,5
College Board Test 5,reading,45,34,3/4/20 0:00,3/4/20 0:00,5
College Board Test 5,reading,46,35,3/4/20 0:00,3/4/20 0:00,5
College Board Test 5,reading,47,35,3/4/20 0:00,3/4/20 0:00,5
College Board Test 5,reading,48,36,3/4/20 0:00,3/4/20 0:00,5
College Board Test 5,reading,49,37,3/4/20 0:00,3/4/20 0:00,5
College Board Test 5,reading,50,37,3/4/20 0:00,3/4/20 0:00,5
College Board Test 5,reading,51,39,3/4/20 0:00,3/4/20 0:00,5
College Board Test 5,reading,52,40,3/4/20 0:00,3/4/20 0:00,5
College Board Test 5,writing,0,10,3/4/20 0:00,3/4/20 0:00,5
College Board Test 5,writing,1,10,3/4/20 0:00,3/4/20 0:00,5
College Board Test 5,writing,2,10,3/4/20 0:00,3/4/20 0:00,5
College Board Test 5,writing,3,10,3/4/20 0:00,3/4/20 0:00,5
College Board Test 5,writing,4,11,3/4/20 0:00,3/4/20 0:00,5
College Board Test 5,writing,5,12,3/4/20 0:00,3/4/20 0:00,5
College Board Test 5,writing,6,13,3/4/20 0:00,3/4/20 0:00,5
College Board Test 5,writing,7,13,3/4/20 0:00,3/4/20 0:00,5
College Board Test 5,writing,8,14,3/4/20 0:00,3/4/20 0:00,5
College Board Test 5,writing,9,15,3/4/20 0:00,3/4/20 0:00,5
College Board Test 5,writing,10,16,3/4/20 0:00,3/4/20 0:00,5
College Board Test 5,writing,11,16,3/4/20 0:00,3/4/20 0:00,5
College Board Test 5,writing,12,17,3/4/20 0:00,3/4/20 0:00,5
College Board Test 5,writing,13,18,3/4/20 0:00,3/4/20 0:00,5
College Board Test 5,writing,14,18,3/4/20 0:00,3/4/20 0:00,5
College Board Test 5,writing,15,19,3/4/20 0:00,3/4/20 0:00,5
College Board Test 5,writing,16,20,3/4/20 0:00,3/4/20 0:00,5
College Board Test 5,writing,17,20,3/4/20 0:00,3/4/20 0:00,5
College Board Test 5,writing,18,21,3/4/20 0:00,3/4/20 0:00,5
College Board Test 5,writing,19,22,3/4/20 0:00,3/4/20 0:00,5
College Board Test 5,writing,20,23,3/4/20 0:00,3/4/20 0:00,5
College Board Test 5,writing,21,23,3/4/20 0:00,3/4/20 0:00,5
College Board Test 5,writing,22,24,3/4/20 0:00,3/4/20 0:00,5
College Board Test 5,writing,23,25,3/4/20 0:00,3/4/20 0:00,5
College Board Test 5,writing,24,25,3/4/20 0:00,3/4/20 0:00,5
College Board Test 5,writing,25,26,3/4/20 0:00,3/4/20 0:00,5
College Board Test 5,writing,26,27,3/4/20 0:00,3/4/20 0:00,5
College Board Test 5,writing,27,28,3/4/20 0:00,3/4/20 0:00,5
College Board Test 5,writing,28,28,3/4/20 0:00,3/4/20 0:00,5
College Board Test 5,writing,29,29,3/4/20 0:00,3/4/20 0:00,5
College Board Test 5,writing,30,30,3/4/20 0:00,3/4/20 0:00,5
College Board Test 5,writing,31,30,3/4/20 0:00,3/4/20 0:00,5
College Board Test 5,writing,32,31,3/4/20 0:00,3/4/20 0:00,5
College Board Test 5,writing,33,32,3/4/20 0:00,3/4/20 0:00,5
College Board Test 5,writing,34,32,3/4/20 0:00,3/4/20 0:00,5
College Board Test 5,writing,35,33,3/4/20 0:00,3/4/20 0:00,5
College Board Test 5,writing,36,34,3/4/20 0:00,3/4/20 0:00,5
College Board Test 5,writing,37,34,3/4/20 0:00,3/4/20 0:00,5
College Board Test 5,writing,38,35,3/4/20 0:00,3/4/20 0:00,5
College Board Test 5,writing,39,36,3/4/20 0:00,3/4/20 0:00,5
College Board Test 5,writing,40,37,3/4/20 0:00,3/4/20 0:00,5
College Board Test 5,writing,41,38,3/4/20 0:00,3/4/20 0:00,5
College Board Test 5,writing,42,39,3/4/20 0:00,3/4/20 0:00,5
College Board Test 5,writing,43,40,3/4/20 0:00,3/4/20 0:00,5
College Board Test 5,writing,44,40,3/4/20 0:00,3/4/20 0:00,5
College Board Test 5,math,0,200,3/4/20 0:00,3/4/20 0:00,5
College Board Test 5,math,1,200,3/4/20 0:00,3/4/20 0:00,5
College Board Test 5,math,2,210,3/4/20 0:00,3/4/20 0:00,5
College Board Test 5,math,3,230,3/4/20 0:00,3/4/20 0:00,5
College Board Test 5,math,4,250,3/4/20 0:00,3/4/20 0:00,5
College Board Test 5,math,5,260,3/4/20 0:00,3/4/20 0:00,5
College Board Test 5,math,6,270,3/4/20 0:00,3/4/20 0:00,5
College Board Test 5,math,7,290,3/4/20 0:00,3/4/20 0:00,5
College Board Test 5,math,8,300,3/4/20 0:00,3/4/20 0:00,5
College Board Test 5,math,9,320,3/4/20 0:00,3/4/20 0:00,5
College Board Test 5,math,10,330,3/4/20 0:00,3/4/20 0:00,5
College Board Test 5,math,11,340,3/4/20 0:00,3/4/20 0:00,5
College Board Test 5,math,12,360,3/4/20 0:00,3/4/20 0:00,5
College Board Test 5,math,13,370,3/4/20 0:00,3/4/20 0:00,5
College Board Test 5,math,14,390,3/4/20 0:00,3/4/20 0:00,5
College Board Test 5,math,15,400,3/4/20 0:00,3/4/20 0:00,5
College Board Test 5,math,16,410,3/4/20 0:00,3/4/20 0:00,5
College Board Test 5,math,17,420,3/4/20 0:00,3/4/20 0:00,5
College Board Test 5,math,18,430,3/4/20 0:00,3/4/20 0:00,5
College Board Test 5,math,19,440,3/4/20 0:00,3/4/20 0:00,5
College Board Test 5,math,20,450,3/4/20 0:00,3/4/20 0:00,5
College Board Test 5,math,21,460,3/4/20 0:00,3/4/20 0:00,5
College Board Test 5,math,22,470,3/4/20 0:00,3/4/20 0:00,5
College Board Test 5,math,23,480,3/4/20 0:00,3/4/20 0:00,5
College Board Test 5,math,24,490,3/4/20 0:00,3/4/20 0:00,5
College Board Test 5,math,25,500,3/4/20 0:00,3/4/20 0:00,5
College Board Test 5,math,26,510,3/4/20 0:00,3/4/20 0:00,5
College Board Test 5,math,27,510,3/4/20 0:00,3/4/20 0:00,5
College Board Test 5,math,28,520,3/4/20 0:00,3/4/20 0:00,5
College Board Test 5,math,29,530,3/4/20 0:00,3/4/20 0:00,5
College Board Test 5,math,30,540,3/4/20 0:00,3/4/20 0:00,5
College Board Test 5,math,31,540,3/4/20 0:00,3/4/20 0:00,5
College Board Test 5,math,32,550,3/4/20 0:00,3/4/20 0:00,5
College Board Test 5,math,33,560,3/4/20 0:00,3/4/20 0:00,5
College Board Test 5,math,34,570,3/4/20 0:00,3/4/20 0:00,5
College Board Test 5,math,35,580,3/4/20 0:00,3/4/20 0:00,5
College Board Test 5,math,36,590,3/4/20 0:00,3/4/20 0:00,5
College Board Test 5,math,37,600,3/4/20 0:00,3/4/20 0:00,5
College Board Test 5,math,38,600,3/4/20 0:00,3/4/20 0:00,5
College Board Test 5,math,39,610,3/4/20 0:00,3/4/20 0:00,5
College Board Test 5,math,40,620,3/4/20 0:00,3/4/20 0:00,5
College Board Test 5,math,41,630,3/4/20 0:00,3/4/20 0:00,5
College Board Test 5,math,42,640,3/4/20 0:00,3/4/20 0:00,5
College Board Test 5,math,43,650,3/4/20 0:00,3/4/20 0:00,5
College Board Test 5,math,44,660,3/4/20 0:00,3/4/20 0:00,5
College Board Test 5,math,45,660,3/4/20 0:00,3/4/20 0:00,5
College Board Test 5,math,46,670,3/4/20 0:00,3/4/20 0:00,5
College Board Test 5,math,47,680,3/4/20 0:00,3/4/20 0:00,5
College Board Test 5,math,48,690,3/4/20 0:00,3/4/20 0:00,5
College Board Test 5,math,49,700,3/4/20 0:00,3/4/20 0:00,5
College Board Test 5,math,50,710,3/4/20 0:00,3/4/20 0:00,5
College Board Test 5,math,51,710,3/4/20 0:00,3/4/20 0:00,5
College Board Test 5,math,52,720,3/4/20 0:00,3/4/20 0:00,5
College Board Test 5,math,53,730,3/4/20 0:00,3/4/20 0:00,5
College Board Test 5,math,54,750,3/4/20 0:00,3/4/20 0:00,5
College Board Test 5,math,55,760,3/4/20 0:00,3/4/20 0:00,5
College Board Test 5,math,56,770,3/4/20 0:00,3/4/20 0:00,5
College Board Test 5,math,57,790,3/4/20 0:00,3/4/20 0:00,5
College Board Test 5,math,58,800,3/4/20 0:00,3/4/20 0:00,5
College Board Test 6,reading,0,10,3/4/20 0:00,3/4/20 0:00,6
College Board Test 6,reading,1,10,3/4/20 0:00,3/4/20 0:00,6
College Board Test 6,reading,2,10,3/4/20 0:00,3/4/20 0:00,6
College Board Test 6,reading,3,10,3/4/20 0:00,3/4/20 0:00,6
College Board Test 6,reading,4,11,3/4/20 0:00,3/4/20 0:00,6
College Board Test 6,reading,5,12,3/4/20 0:00,3/4/20 0:00,6
College Board Test 6,reading,6,13,3/4/20 0:00,3/4/20 0:00,6
College Board Test 6,reading,7,14,3/4/20 0:00,3/4/20 0:00,6
College Board Test 6,reading,8,15,3/4/20 0:00,3/4/20 0:00,6
College Board Test 6,reading,9,15,3/4/20 0:00,3/4/20 0:00,6
College Board Test 6,reading,10,16,3/4/20 0:00,3/4/20 0:00,6
College Board Test 6,reading,11,17,3/4/20 0:00,3/4/20 0:00,6
College Board Test 6,reading,12,17,3/4/20 0:00,3/4/20 0:00,6
College Board Test 6,reading,13,18,3/4/20 0:00,3/4/20 0:00,6
College Board Test 6,reading,14,18,3/4/20 0:00,3/4/20 0:00,6
College Board Test 6,reading,15,19,3/4/20 0:00,3/4/20 0:00,6
College Board Test 6,reading,16,19,3/4/20 0:00,3/4/20 0:00,6
College Board Test 6,reading,17,20,3/4/20 0:00,3/4/20 0:00,6
College Board Test 6,reading,18,20,3/4/20 0:00,3/4/20 0:00,6
College Board Test 6,reading,19,21,3/4/20 0:00,3/4/20 0:00,6
College Board Test 6,reading,20,21,3/4/20 0:00,3/4/20 0:00,6
College Board Test 6,reading,21,22,3/4/20 0:00,3/4/20 0:00,6
College Board Test 6,reading,22,22,3/4/20 0:00,3/4/20 0:00,6
College Board Test 6,reading,23,23,3/4/20 0:00,3/4/20 0:00,6
College Board Test 6,reading,24,23,3/4/20 0:00,3/4/20 0:00,6
College Board Test 6,reading,25,24,3/4/20 0:00,3/4/20 0:00,6
College Board Test 6,reading,26,24,3/4/20 0:00,3/4/20 0:00,6
College Board Test 6,reading,27,25,3/4/20 0:00,3/4/20 0:00,6
College Board Test 6,reading,28,25,3/4/20 0:00,3/4/20 0:00,6
College Board Test 6,reading,29,26,3/4/20 0:00,3/4/20 0:00,6
College Board Test 6,reading,30,26,3/4/20 0:00,3/4/20 0:00,6
College Board Test 6,reading,31,27,3/4/20 0:00,3/4/20 0:00,6
College Board Test 6,reading,32,27,3/4/20 0:00,3/4/20 0:00,6
College Board Test 6,reading,33,28,3/4/20 0:00,3/4/20 0:00,6
College Board Test 6,reading,34,28,3/4/20 0:00,3/4/20 0:00,6
College Board Test 6,reading,35,29,3/4/20 0:00,3/4/20 0:00,6
College Board Test 6,reading,36,29,3/4/20 0:00,3/4/20 0:00,6
College Board Test 6,reading,37,30,3/4/20 0:00,3/4/20 0:00,6
College Board Test 6,reading,38,30,3/4/20 0:00,3/4/20 0:00,6
College Board Test 6,reading,39,31,3/4/20 0:00,3/4/20 0:00,6
College Board Test 6,reading,40,31,3/4/20 0:00,3/4/20 0:00,6
College Board Test 6,reading,41,32,3/4/20 0:00,3/4/20 0:00,6
College Board Test 6,reading,42,33,3/4/20 0:00,3/4/20 0:00,6
College Board Test 6,reading,43,33,3/4/20 0:00,3/4/20 0:00,6
College Board Test 6,reading,44,34,3/4/20 0:00,3/4/20 0:00,6
College Board Test 6,reading,45,35,3/4/20 0:00,3/4/20 0:00,6
College Board Test 6,reading,46,36,3/4/20 0:00,3/4/20 0:00,6
College Board Test 6,reading,47,37,3/4/20 0:00,3/4/20 0:00,6
College Board Test 6,reading,48,37,3/4/20 0:00,3/4/20 0:00,6
College Board Test 6,reading,49,38,3/4/20 0:00,3/4/20 0:00,6
College Board Test 6,reading,50,39,3/4/20 0:00,3/4/20 0:00,6
College Board Test 6,reading,51,40,3/4/20 0:00,3/4/20 0:00,6
College Board Test 6,reading,52,40,3/4/20 0:00,3/4/20 0:00,6
College Board Test 6,writing,0,10,3/4/20 0:00,3/4/20 0:00,6
College Board Test 6,writing,1,10,3/4/20 0:00,3/4/20 0:00,6
College Board Test 6,writing,2,10,3/4/20 0:00,3/4/20 0:00,6
College Board Test 6,writing,3,11,3/4/20 0:00,3/4/20 0:00,6
College Board Test 6,writing,4,11,3/4/20 0:00,3/4/20 0:00,6
College Board Test 6,writing,5,12,3/4/20 0:00,3/4/20 0:00,6
College Board Test 6,writing,6,13,3/4/20 0:00,3/4/20 0:00,6
College Board Test 6,writing,7,14,3/4/20 0:00,3/4/20 0:00,6
College Board Test 6,writing,8,15,3/4/20 0:00,3/4/20 0:00,6
College Board Test 6,writing,9,16,3/4/20 0:00,3/4/20 0:00,6
College Board Test 6,writing,10,16,3/4/20 0:00,3/4/20 0:00,6
College Board Test 6,writing,11,17,3/4/20 0:00,3/4/20 0:00,6
College Board Test 6,writing,12,18,3/4/20 0:00,3/4/20 0:00,6
College Board Test 6,writing,13,18,3/4/20 0:00,3/4/20 0:00,6
College Board Test 6,writing,14,19,3/4/20 0:00,3/4/20 0:00,6
College Board Test 6,writing,15,20,3/4/20 0:00,3/4/20 0:00,6
College Board Test 6,writing,16,20,3/4/20 0:00,3/4/20 0:00,6
College Board Test 6,writing,17,21,3/4/20 0:00,3/4/20 0:00,6
College Board Test 6,writing,18,22,3/4/20 0:00,3/4/20 0:00,6
College Board Test 6,writing,19,23,3/4/20 0:00,3/4/20 0:00,6
College Board Test 6,writing,20,23,3/4/20 0:00,3/4/20 0:00,6
College Board Test 6,writing,21,24,3/4/20 0:00,3/4/20 0:00,6
College Board Test 6,writing,22,25,3/4/20 0:00,3/4/20 0:00,6
College Board Test 6,writing,23,25,3/4/20 0:00,3/4/20 0:00,6
College Board Test 6,writing,24,26,3/4/20 0:00,3/4/20 0:00,6
College Board Test 6,writing,25,27,3/4/20 0:00,3/4/20 0:00,6
College Board Test 6,writing,26,27,3/4/20 0:00,3/4/20 0:00,6
College Board Test 6,writing,27,28,3/4/20 0:00,3/4/20 0:00,6
College Board Test 6,writing,28,28,3/4/20 0:00,3/4/20 0:00,6
College Board Test 6,writing,29,29,3/4/20 0:00,3/4/20 0:00,6
College Board Test 6,writing,30,30,3/4/20 0:00,3/4/20 0:00,6
College Board Test 6,writing,31,30,3/4/20 0:00,3/4/20 0:00,6
College Board Test 6,writing,32,31,3/4/20 0:00,3/4/20 0:00,6
College Board Test 6,writing,33,31,3/4/20 0:00,3/4/20 0:00,6
College Board Test 6,writing,34,32,3/4/20 0:00,3/4/20 0:00,6
College Board Test 6,writing,35,33,3/4/20 0:00,3/4/20 0:00,6
College Board Test 6,writing,36,34,3/4/20 0:00,3/4/20 0:00,6
College Board Test 6,writing,37,34,3/4/20 0:00,3/4/20 0:00,6
College Board Test 6,writing,38,35,3/4/20 0:00,3/4/20 0:00,6
College Board Test 6,writing,39,36,3/4/20 0:00,3/4/20 0:00,6
College Board Test 6,writing,40,36,3/4/20 0:00,3/4/20 0:00,6
College Board Test 6,writing,41,38,3/4/20 0:00,3/4/20 0:00,6
College Board Test 6,writing,42,39,3/4/20 0:00,3/4/20 0:00,6
College Board Test 6,writing,43,39,3/4/20 0:00,3/4/20 0:00,6
College Board Test 6,writing,44,40,3/4/20 0:00,3/4/20 0:00,6
College Board Test 6,math,0,200,3/4/20 0:00,3/4/20 0:00,6
College Board Test 6,math,1,200,3/4/20 0:00,3/4/20 0:00,6
College Board Test 6,math,2,210,3/4/20 0:00,3/4/20 0:00,6
College Board Test 6,math,3,230,3/4/20 0:00,3/4/20 0:00,6
College Board Test 6,math,4,250,3/4/20 0:00,3/4/20 0:00,6
College Board Test 6,math,5,260,3/4/20 0:00,3/4/20 0:00,6
College Board Test 6,math,6,280,3/4/20 0:00,3/4/20 0:00,6
College Board Test 6,math,7,290,3/4/20 0:00,3/4/20 0:00,6
College Board Test 6,math,8,310,3/4/20 0:00,3/4/20 0:00,6
College Board Test 6,math,9,320,3/4/20 0:00,3/4/20 0:00,6
College Board Test 6,math,10,330,3/4/20 0:00,3/4/20 0:00,6
College Board Test 6,math,11,340,3/4/20 0:00,3/4/20 0:00,6
College Board Test 6,math,12,350,3/4/20 0:00,3/4/20 0:00,6
College Board Test 6,math,13,360,3/4/20 0:00,3/4/20 0:00,6
College Board Test 6,math,14,380,3/4/20 0:00,3/4/20 0:00,6
College Board Test 6,math,15,390,3/4/20 0:00,3/4/20 0:00,6
College Board Test 6,math,16,400,3/4/20 0:00,3/4/20 0:00,6
College Board Test 6,math,17,410,3/4/20 0:00,3/4/20 0:00,6
College Board Test 6,math,18,420,3/4/20 0:00,3/4/20 0:00,6
College Board Test 6,math,19,430,3/4/20 0:00,3/4/20 0:00,6
College Board Test 6,math,20,440,3/4/20 0:00,3/4/20 0:00,6
College Board Test 6,math,21,450,3/4/20 0:00,3/4/20 0:00,6
College Board Test 6,math,22,460,3/4/20 0:00,3/4/20 0:00,6
College Board Test 6,math,23,470,3/4/20 0:00,3/4/20 0:00,6
College Board Test 6,math,24,490,3/4/20 0:00,3/4/20 0:00,6
College Board Test 6,math,25,500,3/4/20 0:00,3/4/20 0:00,6
College Board Test 6,math,26,510,3/4/20 0:00,3/4/20 0:00,6
College Board Test 6,math,27,510,3/4/20 0:00,3/4/20 0:00,6
College Board Test 6,math,28,520,3/4/20 0:00,3/4/20 0:00,6
College Board Test 6,math,29,530,3/4/20 0:00,3/4/20 0:00,6
College Board Test 6,math,30,530,3/4/20 0:00,3/4/20 0:00,6
College Board Test 6,math,31,540,3/4/20 0:00,3/4/20 0:00,6
College Board Test 6,math,32,550,3/4/20 0:00,3/4/20 0:00,6
College Board Test 6,math,33,560,3/4/20 0:00,3/4/20 0:00,6
College Board Test 6,math,34,570,3/4/20 0:00,3/4/20 0:00,6
College Board Test 6,math,35,580,3/4/20 0:00,3/4/20 0:00,6
College Board Test 6,math,36,590,3/4/20 0:00,3/4/20 0:00,6
College Board Test 6,math,37,590,3/4/20 0:00,3/4/20 0:00,6
College Board Test 6,math,38,600,3/4/20 0:00,3/4/20 0:00,6
College Board Test 6,math,39,610,3/4/20 0:00,3/4/20 0:00,6
College Board Test 6,math,40,620,3/4/20 0:00,3/4/20 0:00,6
College Board Test 6,math,41,630,3/4/20 0:00,3/4/20 0:00,6
College Board Test 6,math,42,640,3/4/20 0:00,3/4/20 0:00,6
College Board Test 6,math,43,650,3/4/20 0:00,3/4/20 0:00,6
College Board Test 6,math,44,660,3/4/20 0:00,3/4/20 0:00,6
College Board Test 6,math,45,670,3/4/20 0:00,3/4/20 0:00,6
College Board Test 6,math,46,670,3/4/20 0:00,3/4/20 0:00,6
College Board Test 6,math,47,680,3/4/20 0:00,3/4/20 0:00,6
College Board Test 6,math,48,690,3/4/20 0:00,3/4/20 0:00,6
College Board Test 6,math,49,700,3/4/20 0:00,3/4/20 0:00,6
College Board Test 6,math,50,710,3/4/20 0:00,3/4/20 0:00,6
College Board Test 6,math,51,720,3/4/20 0:00,3/4/20 0:00,6
College Board Test 6,math,52,730,3/4/20 0:00,3/4/20 0:00,6
College Board Test 6,math,53,740,3/4/20 0:00,3/4/20 0:00,6
College Board Test 6,math,54,760,3/4/20 0:00,3/4/20 0:00,6
College Board Test 6,math,55,770,3/4/20 0:00,3/4/20 0:00,6
College Board Test 6,math,56,780,3/4/20 0:00,3/4/20 0:00,6
College Board Test 6,math,57,790,3/4/20 0:00,3/4/20 0:00,6
College Board Test 6,math,58,800,3/4/20 0:00,3/4/20 0:00,6
College Board Test 7,reading,0,10,3/4/20 0:00,3/4/20 0:00,7
College Board Test 7,reading,1,10,3/4/20 0:00,3/4/20 0:00,7
College Board Test 7,reading,2,10,3/4/20 0:00,3/4/20 0:00,7
College Board Test 7,reading,3,10,3/4/20 0:00,3/4/20 0:00,7
College Board Test 7,reading,4,11,3/4/20 0:00,3/4/20 0:00,7
College Board Test 7,reading,5,12,3/4/20 0:00,3/4/20 0:00,7
College Board Test 7,reading,6,13,3/4/20 0:00,3/4/20 0:00,7
College Board Test 7,reading,7,14,3/4/20 0:00,3/4/20 0:00,7
College Board Test 7,reading,8,15,3/4/20 0:00,3/4/20 0:00,7
College Board Test 7,reading,9,15,3/4/20 0:00,3/4/20 0:00,7
College Board Test 7,reading,10,16,3/4/20 0:00,3/4/20 0:00,7
College Board Test 7,reading,11,17,3/4/20 0:00,3/4/20 0:00,7
College Board Test 7,reading,12,17,3/4/20 0:00,3/4/20 0:00,7
College Board Test 7,reading,13,18,3/4/20 0:00,3/4/20 0:00,7
College Board Test 7,reading,14,18,3/4/20 0:00,3/4/20 0:00,7
College Board Test 7,reading,15,19,3/4/20 0:00,3/4/20 0:00,7
College Board Test 7,reading,16,20,3/4/20 0:00,3/4/20 0:00,7
College Board Test 7,reading,17,20,3/4/20 0:00,3/4/20 0:00,7
College Board Test 7,reading,18,21,3/4/20 0:00,3/4/20 0:00,7
College Board Test 7,reading,19,21,3/4/20 0:00,3/4/20 0:00,7
College Board Test 7,reading,20,22,3/4/20 0:00,3/4/20 0:00,7
College Board Test 7,reading,21,22,3/4/20 0:00,3/4/20 0:00,7
College Board Test 7,reading,22,23,3/4/20 0:00,3/4/20 0:00,7
College Board Test 7,reading,23,23,3/4/20 0:00,3/4/20 0:00,7
College Board Test 7,reading,24,24,3/4/20 0:00,3/4/20 0:00,7
College Board Test 7,reading,25,24,3/4/20 0:00,3/4/20 0:00,7
College Board Test 7,reading,26,25,3/4/20 0:00,3/4/20 0:00,7
College Board Test 7,reading,27,25,3/4/20 0:00,3/4/20 0:00,7
College Board Test 7,reading,28,26,3/4/20 0:00,3/4/20 0:00,7
College Board Test 7,reading,29,26,3/4/20 0:00,3/4/20 0:00,7
College Board Test 7,reading,30,27,3/4/20 0:00,3/4/20 0:00,7
College Board Test 7,reading,31,27,3/4/20 0:00,3/4/20 0:00,7
College Board Test 7,reading,32,28,3/4/20 0:00,3/4/20 0:00,7
College Board Test 7,reading,33,28,3/4/20 0:00,3/4/20 0:00,7
College Board Test 7,reading,34,29,3/4/20 0:00,3/4/20 0:00,7
College Board Test 7,reading,35,29,3/4/20 0:00,3/4/20 0:00,7
College Board Test 7,reading,36,30,3/4/20 0:00,3/4/20 0:00,7
College Board Test 7,reading,37,30,3/4/20 0:00,3/4/20 0:00,7
College Board Test 7,reading,38,31,3/4/20 0:00,3/4/20 0:00,7
College Board Test 7,reading,39,31,3/4/20 0:00,3/4/20 0:00,7
College Board Test 7,reading,40,32,3/4/20 0:00,3/4/20 0:00,7
College Board Test 7,reading,41,32,3/4/20 0:00,3/4/20 0:00,7
College Board Test 7,reading,42,33,3/4/20 0:00,3/4/20 0:00,7
College Board Test 7,reading,43,34,3/4/20 0:00,3/4/20 0:00,7
College Board Test 7,reading,44,35,3/4/20 0:00,3/4/20 0:00,7
College Board Test 7,reading,45,35,3/4/20 0:00,3/4/20 0:00,7
College Board Test 7,reading,46,36,3/4/20 0:00,3/4/20 0:00,7
College Board Test 7,reading,47,37,3/4/20 0:00,3/4/20 0:00,7
College Board Test 7,reading,48,37,3/4/20 0:00,3/4/20 0:00,7
College Board Test 7,reading,49,38,3/4/20 0:00,3/4/20 0:00,7
College Board Test 7,reading,50,39,3/4/20 0:00,3/4/20 0:00,7
College Board Test 7,reading,51,39,3/4/20 0:00,3/4/20 0:00,7
College Board Test 7,reading,52,40,3/4/20 0:00,3/4/20 0:00,7
College Board Test 7,writing,0,10,3/4/20 0:00,3/4/20 0:00,7
College Board Test 7,writing,1,10,3/4/20 0:00,3/4/20 0:00,7
College Board Test 7,writing,2,10,3/4/20 0:00,3/4/20 0:00,7
College Board Test 7,writing,3,10,3/4/20 0:00,3/4/20 0:00,7
College Board Test 7,writing,4,11,3/4/20 0:00,3/4/20 0:00,7
College Board Test 7,writing,5,12,3/4/20 0:00,3/4/20 0:00,7
College Board Test 7,writing,6,12,3/4/20 0:00,3/4/20 0:00,7
College Board Test 7,writing,7,13,3/4/20 0:00,3/4/20 0:00,7
College Board Test 7,writing,8,14,3/4/20 0:00,3/4/20 0:00,7
College Board Test 7,writing,9,15,3/4/20 0:00,3/4/20 0:00,7
College Board Test 7,writing,10,15,3/4/20 0:00,3/4/20 0:00,7
College Board Test 7,writing,11,16,3/4/20 0:00,3/4/20 0:00,7
College Board Test 7,writing,12,17,3/4/20 0:00,3/4/20 0:00,7
College Board Test 7,writing,13,18,3/4/20 0:00,3/4/20 0:00,7
College Board Test 7,writing,14,18,3/4/20 0:00,3/4/20 0:00,7
College Board Test 7,writing,15,19,3/4/20 0:00,3/4/20 0:00,7
College Board Test 7,writing,16,19,3/4/20 0:00,3/4/20 0:00,7
College Board Test 7,writing,17,20,3/4/20 0:00,3/4/20 0:00,7
College Board Test 7,writing,18,21,3/4/20 0:00,3/4/20 0:00,7
College Board Test 7,writing,19,22,3/4/20 0:00,3/4/20 0:00,7
College Board Test 7,writing,20,22,3/4/20 0:00,3/4/20 0:00,7
College Board Test 7,writing,21,23,3/4/20 0:00,3/4/20 0:00,7
College Board Test 7,writing,22,24,3/4/20 0:00,3/4/20 0:00,7
College Board Test 7,writing,23,25,3/4/20 0:00,3/4/20 0:00,7
College Board Test 7,writing,24,25,3/4/20 0:00,3/4/20 0:00,7
College Board Test 7,writing,25,26,3/4/20 0:00,3/4/20 0:00,7
College Board Test 7,writing,26,26,3/4/20 0:00,3/4/20 0:00,7
College Board Test 7,writing,27,27,3/4/20 0:00,3/4/20 0:00,7
College Board Test 7,writing,28,28,3/4/20 0:00,3/4/20 0:00,7
College Board Test 7,writing,29,29,3/4/20 0:00,3/4/20 0:00,7
College Board Test 7,writing,30,29,3/4/20 0:00,3/4/20 0:00,7
College Board Test 7,writing,31,30,3/4/20 0:00,3/4/20 0:00,7
College Board Test 7,writing,32,31,3/4/20 0:00,3/4/20 0:00,7
College Board Test 7,writing,33,31,3/4/20 0:00,3/4/20 0:00,7
College Board Test 7,writing,34,32,3/4/20 0:00,3/4/20 0:00,7
College Board Test 7,writing,35,32,3/4/20 0:00,3/4/20 0:00,7
College Board Test 7,writing,36,33,3/4/20 0:00,3/4/20 0:00,7
College Board Test 7,writing,37,34,3/4/20 0:00,3/4/20 0:00,7
College Board Test 7,writing,38,34,3/4/20 0:00,3/4/20 0:00,7
College Board Test 7,writing,39,35,3/4/20 0:00,3/4/20 0:00,7
College Board Test 7,writing,40,36,3/4/20 0:00,3/4/20 0:00,7
College Board Test 7,writing,41,36,3/4/20 0:00,3/4/20 0:00,7
College Board Test 7,writing,42,37,3/4/20 0:00,3/4/20 0:00,7
College Board Test 7,writing,43,39,3/4/20 0:00,3/4/20 0:00,7
College Board Test 7,writing,44,40,3/4/20 0:00,3/4/20 0:00,7
College Board Test 7,math,0,200,3/4/20 0:00,3/4/20 0:00,7
College Board Test 7,math,1,200,3/4/20 0:00,3/4/20 0:00,7
College Board Test 7,math,2,210,3/4/20 0:00,3/4/20 0:00,7
College Board Test 7,math,3,230,3/4/20 0:00,3/4/20 0:00,7
College Board Test 7,math,4,250,3/4/20 0:00,3/4/20 0:00,7
College Board Test 7,math,5,260,3/4/20 0:00,3/4/20 0:00,7
College Board Test 7,math,6,280,3/4/20 0:00,3/4/20 0:00,7
College Board Test 7,math,7,290,3/4/20 0:00,3/4/20 0:00,7
College Board Test 7,math,8,310,3/4/20 0:00,3/4/20 0:00,7
College Board Test 7,math,9,320,3/4/20 0:00,3/4/20 0:00,7
College Board Test 7,math,10,330,3/4/20 0:00,3/4/20 0:00,7
College Board Test 7,math,11,350,3/4/20 0:00,3/4/20 0:00,7
College Board Test 7,math,12,360,3/4/20 0:00,3/4/20 0:00,7
College Board Test 7,math,13,370,3/4/20 0:00,3/4/20 0:00,7
College Board Test 7,math,14,380,3/4/20 0:00,3/4/20 0:00,7
College Board Test 7,math,15,390,3/4/20 0:00,3/4/20 0:00,7
College Board Test 7,math,16,400,3/4/20 0:00,3/4/20 0:00,7
College Board Test 7,math,17,420,3/4/20 0:00,3/4/20 0:00,7
College Board Test 7,math,18,430,3/4/20 0:00,3/4/20 0:00,7
College Board Test 7,math,19,430,3/4/20 0:00,3/4/20 0:00,7
College Board Test 7,math,20,440,3/4/20 0:00,3/4/20 0:00,7
College Board Test 7,math,21,450,3/4/20 0:00,3/4/20 0:00,7
College Board Test 7,math,22,460,3/4/20 0:00,3/4/20 0:00,7
College Board Test 7,math,23,470,3/4/20 0:00,3/4/20 0:00,7
College Board Test 7,math,24,480,3/4/20 0:00,3/4/20 0:00,7
College Board Test 7,math,25,490,3/4/20 0:00,3/4/20 0:00,7
College Board Test 7,math,26,500,3/4/20 0:00,3/4/20 0:00,7
College Board Test 7,math,27,510,3/4/20 0:00,3/4/20 0:00,7
College Board Test 7,math,28,510,3/4/20 0:00,3/4/20 0:00,7
College Board Test 7,math,29,520,3/4/20 0:00,3/4/20 0:00,7
College Board Test 7,math,30,530,3/4/20 0:00,3/4/20 0:00,7
College Board Test 7,math,31,530,3/4/20 0:00,3/4/20 0:00,7
College Board Test 7,math,32,540,3/4/20 0:00,3/4/20 0:00,7
College Board Test 7,math,33,550,3/4/20 0:00,3/4/20 0:00,7
College Board Test 7,math,34,550,3/4/20 0:00,3/4/20 0:00,7
College Board Test 7,math,35,560,3/4/20 0:00,3/4/20 0:00,7
College Board Test 7,math,36,570,3/4/20 0:00,3/4/20 0:00,7
College Board Test 7,math,37,580,3/4/20 0:00,3/4/20 0:00,7
College Board Test 7,math,38,590,3/4/20 0:00,3/4/20 0:00,7
College Board Test 7,math,39,590,3/4/20 0:00,3/4/20 0:00,7
College Board Test 7,math,40,600,3/4/20 0:00,3/4/20 0:00,7
College Board Test 7,math,41,610,3/4/20 0:00,3/4/20 0:00,7
College Board Test 7,math,42,620,3/4/20 0:00,3/4/20 0:00,7
College Board Test 7,math,43,630,3/4/20 0:00,3/4/20 0:00,7
College Board Test 7,math,44,640,3/4/20 0:00,3/4/20 0:00,7
College Board Test 7,math,45,650,3/4/20 0:00,3/4/20 0:00,7
College Board Test 7,math,46,660,3/4/20 0:00,3/4/20 0:00,7
College Board Test 7,math,47,670,3/4/20 0:00,3/4/20 0:00,7
College Board Test 7,math,48,680,3/4/20 0:00,3/4/20 0:00,7
College Board Test 7,math,49,680,3/4/20 0:00,3/4/20 0:00,7
College Board Test 7,math,50,690,3/4/20 0:00,3/4/20 0:00,7
College Board Test 7,math,51,700,3/4/20 0:00,3/4/20 0:00,7
College Board Test 7,math,52,720,3/4/20 0:00,3/4/20 0:00,7
College Board Test 7,math,53,730,3/4/20 0:00,3/4/20 0:00,7
College Board Test 7,math,54,740,3/4/20 0:00,3/4/20 0:00,7
College Board Test 7,math,55,760,3/4/20 0:00,3/4/20 0:00,7
College Board Test 7,math,56,770,3/4/20 0:00,3/4/20 0:00,7
College Board Test 7,math,57,790,3/4/20 0:00,3/4/20 0:00,7
College Board Test 7,math,58,800,3/4/20 0:00,3/4/20 0:00,7
College Board Test 8,reading,0,10,3/4/20 0:00,3/4/20 0:00,8
College Board Test 8,reading,1,10,3/4/20 0:00,3/4/20 0:00,8
College Board Test 8,reading,2,10,3/4/20 0:00,3/4/20 0:00,8
College Board Test 8,reading,3,10,3/4/20 0:00,3/4/20 0:00,8
College Board Test 8,reading,4,11,3/4/20 0:00,3/4/20 0:00,8
College Board Test 8,reading,5,12,3/4/20 0:00,3/4/20 0:00,8
College Board Test 8,reading,6,13,3/4/20 0:00,3/4/20 0:00,8
College Board Test 8,reading,7,14,3/4/20 0:00,3/4/20 0:00,8
College Board Test 8,reading,8,15,3/4/20 0:00,3/4/20 0:00,8
College Board Test 8,reading,9,15,3/4/20 0:00,3/4/20 0:00,8
College Board Test 8,reading,10,16,3/4/20 0:00,3/4/20 0:00,8
College Board Test 8,reading,11,17,3/4/20 0:00,3/4/20 0:00,8
College Board Test 8,reading,12,17,3/4/20 0:00,3/4/20 0:00,8
College Board Test 8,reading,13,18,3/4/20 0:00,3/4/20 0:00,8
College Board Test 8,reading,14,18,3/4/20 0:00,3/4/20 0:00,8
College Board Test 8,reading,15,19,3/4/20 0:00,3/4/20 0:00,8
College Board Test 8,reading,16,19,3/4/20 0:00,3/4/20 0:00,8
College Board Test 8,reading,17,20,3/4/20 0:00,3/4/20 0:00,8
College Board Test 8,reading,18,20,3/4/20 0:00,3/4/20 0:00,8
College Board Test 8,reading,19,21,3/4/20 0:00,3/4/20 0:00,8
College Board Test 8,reading,20,21,3/4/20 0:00,3/4/20 0:00,8
College Board Test 8,reading,21,22,3/4/20 0:00,3/4/20 0:00,8
College Board Test 8,reading,22,22,3/4/20 0:00,3/4/20 0:00,8
College Board Test 8,reading,23,23,3/4/20 0:00,3/4/20 0:00,8
College Board Test 8,reading,24,23,3/4/20 0:00,3/4/20 0:00,8
College Board Test 8,reading,25,24,3/4/20 0:00,3/4/20 0:00,8
College Board Test 8,reading,26,24,3/4/20 0:00,3/4/20 0:00,8
College Board Test 8,reading,27,25,3/4/20 0:00,3/4/20 0:00,8
College Board Test 8,reading,28,25,3/4/20 0:00,3/4/20 0:00,8
College Board Test 8,reading,29,26,3/4/20 0:00,3/4/20 0:00,8
College Board Test 8,reading,30,26,3/4/20 0:00,3/4/20 0:00,8
College Board Test 8,reading,31,27,3/4/20 0:00,3/4/20 0:00,8
College Board Test 8,reading,32,27,3/4/20 0:00,3/4/20 0:00,8
College Board Test 8,reading,33,28,3/4/20 0:00,3/4/20 0:00,8
College Board Test 8,reading,34,28,3/4/20 0:00,3/4/20 0:00,8
College Board Test 8,reading,35,29,3/4/20 0:00,3/4/20 0:00,8
College Board Test 8,reading,36,29,3/4/20 0:00,3/4/20 0:00,8
College Board Test 8,reading,37,29,3/4/20 0:00,3/4/20 0:00,8
College Board Test 8,reading,38,30,3/4/20 0:00,3/4/20 0:00,8
College Board Test 8,reading,39,30,3/4/20 0:00,3/4/20 0:00,8
College Board Test 8,reading,40,31,3/4/20 0:00,3/4/20 0:00,8
College Board Test 8,reading,41,31,3/4/20 0:00,3/4/20 0:00,8
College Board Test 8,reading,42,32,3/4/20 0:00,3/4/20 0:00,8
College Board Test 8,reading,43,33,3/4/20 0:00,3/4/20 0:00,8
College Board Test 8,reading,44,33,3/4/20 0:00,3/4/20 0:00,8
College Board Test 8,reading,45,34,3/4/20 0:00,3/4/20 0:00,8
College Board Test 8,reading,46,35,3/4/20 0:00,3/4/20 0:00,8
College Board Test 8,reading,47,35,3/4/20 0:00,3/4/20 0:00,8
College Board Test 8,reading,48,36,3/4/20 0:00,3/4/20 0:00,8
College Board Test 8,reading,49,37,3/4/20 0:00,3/4/20 0:00,8
College Board Test 8,reading,50,38,3/4/20 0:00,3/4/20 0:00,8
College Board Test 8,reading,51,39,3/4/20 0:00,3/4/20 0:00,8
College Board Test 8,reading,52,40,3/4/20 0:00,3/4/20 0:00,8
College Board Test 8,writing,0,10,3/4/20 0:00,3/4/20 0:00,8
College Board Test 8,writing,1,10,3/4/20 0:00,3/4/20 0:00,8
College Board Test 8,writing,2,10,3/4/20 0:00,3/4/20 0:00,8
College Board Test 8,writing,3,10,3/4/20 0:00,3/4/20 0:00,8
College Board Test 8,writing,4,11,3/4/20 0:00,3/4/20 0:00,8
College Board Test 8,writing,5,12,3/4/20 0:00,3/4/20 0:00,8
College Board Test 8,writing,6,13,3/4/20 0:00,3/4/20 0:00,8
College Board Test 8,writing,7,14,3/4/20 0:00,3/4/20 0:00,8
College Board Test 8,writing,8,14,3/4/20 0:00,3/4/20 0:00,8
College Board Test 8,writing,9,15,3/4/20 0:00,3/4/20 0:00,8
College Board Test 8,writing,10,16,3/4/20 0:00,3/4/20 0:00,8
College Board Test 8,writing,11,17,3/4/20 0:00,3/4/20 0:00,8
College Board Test 8,writing,12,17,3/4/20 0:00,3/4/20 0:00,8
College Board Test 8,writing,13,18,3/4/20 0:00,3/4/20 0:00,8
College Board Test 8,writing,14,19,3/4/20 0:00,3/4/20 0:00,8
College Board Test 8,writing,15,19,3/4/20 0:00,3/4/20 0:00,8
College Board Test 8,writing,16,20,3/4/20 0:00,3/4/20 0:00,8
College Board Test 8,writing,17,21,3/4/20 0:00,3/4/20 0:00,8
College Board Test 8,writing,18,21,3/4/20 0:00,3/4/20 0:00,8
College Board Test 8,writing,19,22,3/4/20 0:00,3/4/20 0:00,8
College Board Test 8,writing,20,22,3/4/20 0:00,3/4/20 0:00,8
College Board Test 8,writing,21,23,3/4/20 0:00,3/4/20 0:00,8
College Board Test 8,writing,22,24,3/4/20 0:00,3/4/20 0:00,8
College Board Test 8,writing,23,24,3/4/20 0:00,3/4/20 0:00,8
College Board Test 8,writing,24,25,3/4/20 0:00,3/4/20 0:00,8
College Board Test 8,writing,25,25,3/4/20 0:00,3/4/20 0:00,8
College Board Test 8,writing,26,26,3/4/20 0:00,3/4/20 0:00,8
College Board Test 8,writing,27,27,3/4/20 0:00,3/4/20 0:00,8
College Board Test 8,writing,28,27,3/4/20 0:00,3/4/20 0:00,8
College Board Test 8,writing,29,28,3/4/20 0:00,3/4/20 0:00,8
College Board Test 8,writing,30,29,3/4/20 0:00,3/4/20 0:00,8
College Board Test 8,writing,31,29,3/4/20 0:00,3/4/20 0:00,8
College Board Test 8,writing,32,30,3/4/20 0:00,3/4/20 0:00,8
College Board Test 8,writing,33,31,3/4/20 0:00,3/4/20 0:00,8
College Board Test 8,writing,34,31,3/4/20 0:00,3/4/20 0:00,8
College Board Test 8,writing,35,32,3/4/20 0:00,3/4/20 0:00,8
College Board Test 8,writing,36,33,3/4/20 0:00,3/4/20 0:00,8
College Board Test 8,writing,37,33,3/4/20 0:00,3/4/20 0:00,8
College Board Test 8,writing,38,34,3/4/20 0:00,3/4/20 0:00,8
College Board Test 8,writing,39,35,3/4/20 0:00,3/4/20 0:00,8
College Board Test 8,writing,40,36,3/4/20 0:00,3/4/20 0:00,8
College Board Test 8,writing,41,37,3/4/20 0:00,3/4/20 0:00,8
College Board Test 8,writing,42,38,3/4/20 0:00,3/4/20 0:00,8
College Board Test 8,writing,43,39,3/4/20 0:00,3/4/20 0:00,8
College Board Test 8,writing,44,40,3/4/20 0:00,3/4/20 0:00,8
College Board Test 8,math,0,200,3/4/20 0:00,3/4/20 0:00,8
College Board Test 8,math,1,210,3/4/20 0:00,3/4/20 0:00,8
College Board Test 8,math,2,220,3/4/20 0:00,3/4/20 0:00,8
College Board Test 8,math,3,240,3/4/20 0:00,3/4/20 0:00,8
College Board Test 8,math,4,250,3/4/20 0:00,3/4/20 0:00,8
College Board Test 8,math,5,270,3/4/20 0:00,3/4/20 0:00,8
College Board Test 8,math,6,290,3/4/20 0:00,3/4/20 0:00,8
College Board Test 8,math,7,300,3/4/20 0:00,3/4/20 0:00,8
College Board Test 8,math,8,320,3/4/20 0:00,3/4/20 0:00,8
College Board Test 8,math,9,340,3/4/20 0:00,3/4/20 0:00,8
College Board Test 8,math,10,350,3/4/20 0:00,3/4/20 0:00,8
College Board Test 8,math,11,360,3/4/20 0:00,3/4/20 0:00,8
College Board Test 8,math,12,380,3/4/20 0:00,3/4/20 0:00,8
College Board Test 8,math,13,390,3/4/20 0:00,3/4/20 0:00,8
College Board Test 8,math,14,400,3/4/20 0:00,3/4/20 0:00,8
College Board Test 8,math,15,420,3/4/20 0:00,3/4/20 0:00,8
College Board Test 8,math,16,430,3/4/20 0:00,3/4/20 0:00,8
College Board Test 8,math,17,440,3/4/20 0:00,3/4/20 0:00,8
College Board Test 8,math,18,450,3/4/20 0:00,3/4/20 0:00,8
College Board Test 8,math,19,460,3/4/20 0:00,3/4/20 0:00,8
College Board Test 8,math,20,470,3/4/20 0:00,3/4/20 0:00,8
College Board Test 8,math,21,480,3/4/20 0:00,3/4/20 0:00,8
College Board Test 8,math,22,490,3/4/20 0:00,3/4/20 0:00,8
College Board Test 8,math,23,500,3/4/20 0:00,3/4/20 0:00,8
College Board Test 8,math,24,510,3/4/20 0:00,3/4/20 0:00,8
College Board Test 8,math,25,520,3/4/20 0:00,3/4/20 0:00,8
College Board Test 8,math,26,520,3/4/20 0:00,3/4/20 0:00,8
College Board Test 8,math,27,530,3/4/20 0:00,3/4/20 0:00,8
College Board Test 8,math,28,540,3/4/20 0:00,3/4/20 0:00,8
College Board Test 8,math,29,540,3/4/20 0:00,3/4/20 0:00,8
College Board Test 8,math,30,550,3/4/20 0:00,3/4/20 0:00,8
College Board Test 8,math,31,560,3/4/20 0:00,3/4/20 0:00,8
College Board Test 8,math,32,570,3/4/20 0:00,3/4/20 0:00,8
College Board Test 8,math,33,580,3/4/20 0:00,3/4/20 0:00,8
College Board Test 8,math,34,580,3/4/20 0:00,3/4/20 0:00,8
College Board Test 8,math,35,590,3/4/20 0:00,3/4/20 0:00,8
College Board Test 8,math,36,600,3/4/20 0:00,3/4/20 0:00,8
College Board Test 8,math,37,610,3/4/20 0:00,3/4/20 0:00,8
College Board Test 8,math,38,620,3/4/20 0:00,3/4/20 0:00,8
College Board Test 8,math,39,630,3/4/20 0:00,3/4/20 0:00,8
College Board Test 8,math,40,640,3/4/20 0:00,3/4/20 0:00,8
College Board Test 8,math,41,650,3/4/20 0:00,3/4/20 0:00,8
College Board Test 8,math,42,660,3/4/20 0:00,3/4/20 0:00,8
College Board Test 8,math,43,670,3/4/20 0:00,3/4/20 0:00,8
College Board Test 8,math,44,680,3/4/20 0:00,3/4/20 0:00,8
College Board Test 8,math,45,680,3/4/20 0:00,3/4/20 0:00,8
College Board Test 8,math,46,690,3/4/20 0:00,3/4/20 0:00,8
College Board Test 8,math,47,700,3/4/20 0:00,3/4/20 0:00,8
College Board Test 8,math,48,710,3/4/20 0:00,3/4/20 0:00,8
College Board Test 8,math,49,730,3/4/20 0:00,3/4/20 0:00,8
College Board Test 8,math,50,740,3/4/20 0:00,3/4/20 0:00,8
College Board Test 8,math,51,750,3/4/20 0:00,3/4/20 0:00,8
College Board Test 8,math,52,770,3/4/20 0:00,3/4/20 0:00,8
College Board Test 8,math,53,780,3/4/20 0:00,3/4/20 0:00,8
College Board Test 8,math,54,790,3/4/20 0:00,3/4/20 0:00,8
College Board Test 8,math,55,790,3/4/20 0:00,3/4/20 0:00,8
College Board Test 8,math,56,800,3/4/20 0:00,3/4/20 0:00,8
College Board Test 8,math,57,800,3/4/20 0:00,3/4/20 0:00,8
College Board Test 8,math,58,800,3/4/20 0:00,3/4/20 0:00,8
College Board Test 9,reading,0,10,3/4/20 0:00,3/4/20 0:00,9
College Board Test 9,reading,1,10,3/4/20 0:00,3/4/20 0:00,9
College Board Test 9,reading,2,10,3/4/20 0:00,3/4/20 0:00,9
College Board Test 9,reading,3,11,3/4/20 0:00,3/4/20 0:00,9
College Board Test 9,reading,4,12,3/4/20 0:00,3/4/20 0:00,9
College Board Test 9,reading,5,13,3/4/20 0:00,3/4/20 0:00,9
College Board Test 9,reading,6,13,3/4/20 0:00,3/4/20 0:00,9
College Board Test 9,reading,7,14,3/4/20 0:00,3/4/20 0:00,9
College Board Test 9,reading,8,15,3/4/20 0:00,3/4/20 0:00,9
College Board Test 9,reading,9,16,3/4/20 0:00,3/4/20 0:00,9
College Board Test 9,reading,10,17,3/4/20 0:00,3/4/20 0:00,9
College Board Test 9,reading,11,17,3/4/20 0:00,3/4/20 0:00,9
College Board Test 9,reading,12,18,3/4/20 0:00,3/4/20 0:00,9
College Board Test 9,reading,13,18,3/4/20 0:00,3/4/20 0:00,9
College Board Test 9,reading,14,19,3/4/20 0:00,3/4/20 0:00,9
College Board Test 9,reading,15,19,3/4/20 0:00,3/4/20 0:00,9
College Board Test 9,reading,16,20,3/4/20 0:00,3/4/20 0:00,9
College Board Test 9,reading,17,20,3/4/20 0:00,3/4/20 0:00,9
College Board Test 9,reading,18,21,3/4/20 0:00,3/4/20 0:00,9
College Board Test 9,reading,19,22,3/4/20 0:00,3/4/20 0:00,9
College Board Test 9,reading,20,22,3/4/20 0:00,3/4/20 0:00,9
College Board Test 9,reading,21,23,3/4/20 0:00,3/4/20 0:00,9
College Board Test 9,reading,22,23,3/4/20 0:00,3/4/20 0:00,9
College Board Test 9,reading,23,24,3/4/20 0:00,3/4/20 0:00,9
College Board Test 9,reading,24,25,3/4/20 0:00,3/4/20 0:00,9
College Board Test 9,reading,25,25,3/4/20 0:00,3/4/20 0:00,9
College Board Test 9,reading,26,26,3/4/20 0:00,3/4/20 0:00,9
College Board Test 9,reading,27,26,3/4/20 0:00,3/4/20 0:00,9
College Board Test 9,reading,28,27,3/4/20 0:00,3/4/20 0:00,9
College Board Test 9,reading,29,27,3/4/20 0:00,3/4/20 0:00,9
College Board Test 9,reading,30,28,3/4/20 0:00,3/4/20 0:00,9
College Board Test 9,reading,31,28,3/4/20 0:00,3/4/20 0:00,9
College Board Test 9,reading,32,29,3/4/20 0:00,3/4/20 0:00,9
College Board Test 9,reading,33,29,3/4/20 0:00,3/4/20 0:00,9
College Board Test 9,reading,34,30,3/4/20 0:00,3/4/20 0:00,9
College Board Test 9,reading,35,30,3/4/20 0:00,3/4/20 0:00,9
College Board Test 9,reading,36,31,3/4/20 0:00,3/4/20 0:00,9
College Board Test 9,reading,37,31,3/4/20 0:00,3/4/20 0:00,9
College Board Test 9,reading,38,32,3/4/20 0:00,3/4/20 0:00,9
College Board Test 9,reading,39,32,3/4/20 0:00,3/4/20 0:00,9
College Board Test 9,reading,40,33,3/4/20 0:00,3/4/20 0:00,9
College Board Test 9,reading,41,33,3/4/20 0:00,3/4/20 0:00,9
College Board Test 9,reading,42,34,3/4/20 0:00,3/4/20 0:00,9
College Board Test 9,reading,43,34,3/4/20 0:00,3/4/20 0:00,9
College Board Test 9,reading,44,35,3/4/20 0:00,3/4/20 0:00,9
College Board Test 9,reading,45,35,3/4/20 0:00,3/4/20 0:00,9
College Board Test 9,reading,46,36,3/4/20 0:00,3/4/20 0:00,9
College Board Test 9,reading,47,36,3/4/20 0:00,3/4/20 0:00,9
College Board Test 9,reading,48,37,3/4/20 0:00,3/4/20 0:00,9
College Board Test 9,reading,49,38,3/4/20 0:00,3/4/20 0:00,9
College Board Test 9,reading,50,38,3/4/20 0:00,3/4/20 0:00,9
College Board Test 9,reading,51,39,3/4/20 0:00,3/4/20 0:00,9
College Board Test 9,reading,52,40,3/4/20 0:00,3/4/20 0:00,9
College Board Test 9,writing,0,10,3/4/20 0:00,3/4/20 0:00,9
College Board Test 9,writing,1,10,3/4/20 0:00,3/4/20 0:00,9
College Board Test 9,writing,2,10,3/4/20 0:00,3/4/20 0:00,9
College Board Test 9,writing,3,11,3/4/20 0:00,3/4/20 0:00,9
College Board Test 9,writing,4,12,3/4/20 0:00,3/4/20 0:00,9
College Board Test 9,writing,5,12,3/4/20 0:00,3/4/20 0:00,9
College Board Test 9,writing,6,13,3/4/20 0:00,3/4/20 0:00,9
College Board Test 9,writing,7,14,3/4/20 0:00,3/4/20 0:00,9
College Board Test 9,writing,8,15,3/4/20 0:00,3/4/20 0:00,9
College Board Test 9,writing,9,16,3/4/20 0:00,3/4/20 0:00,9
College Board Test 9,writing,10,16,3/4/20 0:00,3/4/20 0:00,9
College Board Test 9,writing,11,17,3/4/20 0:00,3/4/20 0:00,9
College Board Test 9,writing,12,18,3/4/20 0:00,3/4/20 0:00,9
College Board Test 9,writing,13,19,3/4/20 0:00,3/4/20 0:00,9
College Board Test 9,writing,14,19,3/4/20 0:00,3/4/20 0:00,9
College Board Test 9,writing,15,20,3/4/20 0:00,3/4/20 0:00,9
College Board Test 9,writing,16,21,3/4/20 0:00,3/4/20 0:00,9
College Board Test 9,writing,17,21,3/4/20 0:00,3/4/20 0:00,9
College Board Test 9,writing,18,22,3/4/20 0:00,3/4/20 0:00,9
College Board Test 9,writing,19,22,3/4/20 0:00,3/4/20 0:00,9
College Board Test 9,writing,20,23,3/4/20 0:00,3/4/20 0:00,9
College Board Test 9,writing,21,24,3/4/20 0:00,3/4/20 0:00,9
College Board Test 9,writing,22,24,3/4/20 0:00,3/4/20 0:00,9
College Board Test 9,writing,23,25,3/4/20 0:00,3/4/20 0:00,9
College Board Test 9,writing,24,26,3/4/20 0:00,3/4/20 0:00,9
College Board Test 9,writing,25,26,3/4/20 0:00,3/4/20 0:00,9
College Board Test 9,writing,26,27,3/4/20 0:00,3/4/20 0:00,9
College Board Test 9,writing,27,27,3/4/20 0:00,3/4/20 0:00,9
College Board Test 9,writing,28,28,3/4/20 0:00,3/4/20 0:00,9
College Board Test 9,writing,29,29,3/4/20 0:00,3/4/20 0:00,9
College Board Test 9,writing,30,29,3/4/20 0:00,3/4/20 0:00,9
College Board Test 9,writing,31,30,3/4/20 0:00,3/4/20 0:00,9
College Board Test 9,writing,32,31,3/4/20 0:00,3/4/20 0:00,9
College Board Test 9,writing,33,31,3/4/20 0:00,3/4/20 0:00,9
College Board Test 9,writing,34,32,3/4/20 0:00,3/4/20 0:00,9
College Board Test 9,writing,35,33,3/4/20 0:00,3/4/20 0:00,9
College Board Test 9,writing,36,33,3/4/20 0:00,3/4/20 0:00,9
College Board Test 9,writing,37,34,3/4/20 0:00,3/4/20 0:00,9
College Board Test 9,writing,38,35,3/4/20 0:00,3/4/20 0:00,9
College Board Test 9,writing,39,35,3/4/20 0:00,3/4/20 0:00,9
College Board Test 9,writing,40,36,3/4/20 0:00,3/4/20 0:00,9
College Board Test 9,writing,41,37,3/4/20 0:00,3/4/20 0:00,9
College Board Test 9,writing,42,38,3/4/20 0:00,3/4/20 0:00,9
College Board Test 9,writing,43,39,3/4/20 0:00,3/4/20 0:00,9
College Board Test 9,writing,44,40,3/4/20 0:00,3/4/20 0:00,9
College Board Test 9,math,0,200,3/4/20 0:00,3/4/20 0:00,9
College Board Test 9,math,1,210,3/4/20 0:00,3/4/20 0:00,9
College Board Test 9,math,2,220,3/4/20 0:00,3/4/20 0:00,9
College Board Test 9,math,3,230,3/4/20 0:00,3/4/20 0:00,9
College Board Test 9,math,4,250,3/4/20 0:00,3/4/20 0:00,9
College Board Test 9,math,5,260,3/4/20 0:00,3/4/20 0:00,9
College Board Test 9,math,6,280,3/4/20 0:00,3/4/20 0:00,9
College Board Test 9,math,7,290,3/4/20 0:00,3/4/20 0:00,9
College Board Test 9,math,8,310,3/4/20 0:00,3/4/20 0:00,9
College Board Test 9,math,9,320,3/4/20 0:00,3/4/20 0:00,9
College Board Test 9,math,10,330,3/4/20 0:00,3/4/20 0:00,9
College Board Test 9,math,11,340,3/4/20 0:00,3/4/20 0:00,9
College Board Test 9,math,12,360,3/4/20 0:00,3/4/20 0:00,9
College Board Test 9,math,13,370,3/4/20 0:00,3/4/20 0:00,9
College Board Test 9,math,14,380,3/4/20 0:00,3/4/20 0:00,9
College Board Test 9,math,15,390,3/4/20 0:00,3/4/20 0:00,9
College Board Test 9,math,16,400,3/4/20 0:00,3/4/20 0:00,9
College Board Test 9,math,17,410,3/4/20 0:00,3/4/20 0:00,9
College Board Test 9,math,18,420,3/4/20 0:00,3/4/20 0:00,9
College Board Test 9,math,19,440,3/4/20 0:00,3/4/20 0:00,9
College Board Test 9,math,20,450,3/4/20 0:00,3/4/20 0:00,9
College Board Test 9,math,21,460,3/4/20 0:00,3/4/20 0:00,9
College Board Test 9,math,22,470,3/4/20 0:00,3/4/20 0:00,9
College Board Test 9,math,23,480,3/4/20 0:00,3/4/20 0:00,9
College Board Test 9,math,24,490,3/4/20 0:00,3/4/20 0:00,9
College Board Test 9,math,25,500,3/4/20 0:00,3/4/20 0:00,9
College Board Test 9,math,26,510,3/4/20 0:00,3/4/20 0:00,9
College Board Test 9,math,27,520,3/4/20 0:00,3/4/20 0:00,9
College Board Test 9,math,28,520,3/4/20 0:00,3/4/20 0:00,9
College Board Test 9,math,29,530,3/4/20 0:00,3/4/20 0:00,9
College Board Test 9,math,30,540,3/4/20 0:00,3/4/20 0:00,9
College Board Test 9,math,31,550,3/4/20 0:00,3/4/20 0:00,9
College Board Test 9,math,32,550,3/4/20 0:00,3/4/20 0:00,9
College Board Test 9,math,33,560,3/4/20 0:00,3/4/20 0:00,9
College Board Test 9,math,34,570,3/4/20 0:00,3/4/20 0:00,9
College Board Test 9,math,35,580,3/4/20 0:00,3/4/20 0:00,9
College Board Test 9,math,36,590,3/4/20 0:00,3/4/20 0:00,9
College Board Test 9,math,37,590,3/4/20 0:00,3/4/20 0:00,9
College Board Test 9,math,38,600,3/4/20 0:00,3/4/20 0:00,9
College Board Test 9,math,39,610,3/4/20 0:00,3/4/20 0:00,9
College Board Test 9,math,40,620,3/4/20 0:00,3/4/20 0:00,9
College Board Test 9,math,41,630,3/4/20 0:00,3/4/20 0:00,9
College Board Test 9,math,42,640,3/4/20 0:00,3/4/20 0:00,9
College Board Test 9,math,43,650,3/4/20 0:00,3/4/20 0:00,9
College Board Test 9,math,44,660,3/4/20 0:00,3/4/20 0:00,9
College Board Test 9,math,45,670,3/4/20 0:00,3/4/20 0:00,9
College Board Test 9,math,46,680,3/4/20 0:00,3/4/20 0:00,9
College Board Test 9,math,47,690,3/4/20 0:00,3/4/20 0:00,9
College Board Test 9,math,48,700,3/4/20 0:00,3/4/20 0:00,9
College Board Test 9,math,49,710,3/4/20 0:00,3/4/20 0:00,9
College Board Test 9,math,50,720,3/4/20 0:00,3/4/20 0:00,9
College Board Test 9,math,51,740,3/4/20 0:00,3/4/20 0:00,9
College Board Test 9,math,52,750,3/4/20 0:00,3/4/20 0:00,9
College Board Test 9,math,53,760,3/4/20 0:00,3/4/20 0:00,9
College Board Test 9,math,54,780,3/4/20 0:00,3/4/20 0:00,9
College Board Test 9,math,55,790,3/4/20 0:00,3/4/20 0:00,9
College Board Test 9,math,56,790,3/4/20 0:00,3/4/20 0:00,9
College Board Test 9,math,57,800,3/4/20 0:00,3/4/20 0:00,9
College Board Test 9,math,58,800,3/4/20 0:00,3/4/20 0:00,9
College Board Test 10,reading,0,10,3/4/20 0:00,3/4/20 0:00,10
College Board Test 10,reading,1,10,3/4/20 0:00,3/4/20 0:00,10
College Board Test 10,reading,2,10,3/4/20 0:00,3/4/20 0:00,10
College Board Test 10,reading,3,10,3/4/20 0:00,3/4/20 0:00,10
College Board Test 10,reading,4,11,3/4/20 0:00,3/4/20 0:00,10
College Board Test 10,reading,5,12,3/4/20 0:00,3/4/20 0:00,10
College Board Test 10,reading,6,13,3/4/20 0:00,3/4/20 0:00,10
College Board Test 10,reading,7,13,3/4/20 0:00,3/4/20 0:00,10
College Board Test 10,reading,8,14,3/4/20 0:00,3/4/20 0:00,10
College Board Test 10,reading,9,15,3/4/20 0:00,3/4/20 0:00,10
College Board Test 10,reading,10,16,3/4/20 0:00,3/4/20 0:00,10
College Board Test 10,reading,11,16,3/4/20 0:00,3/4/20 0:00,10
College Board Test 10,reading,12,17,3/4/20 0:00,3/4/20 0:00,10
College Board Test 10,reading,13,17,3/4/20 0:00,3/4/20 0:00,10
College Board Test 10,reading,14,18,3/4/20 0:00,3/4/20 0:00,10
College Board Test 10,reading,15,18,3/4/20 0:00,3/4/20 0:00,10
College Board Test 10,reading,16,19,3/4/20 0:00,3/4/20 0:00,10
College Board Test 10,reading,17,19,3/4/20 0:00,3/4/20 0:00,10
College Board Test 10,reading,18,20,3/4/20 0:00,3/4/20 0:00,10
College Board Test 10,reading,19,20,3/4/20 0:00,3/4/20 0:00,10
College Board Test 10,reading,20,21,3/4/20 0:00,3/4/20 0:00,10
College Board Test 10,reading,21,21,3/4/20 0:00,3/4/20 0:00,10
College Board Test 10,reading,22,22,3/4/20 0:00,3/4/20 0:00,10
College Board Test 10,reading,23,22,3/4/20 0:00,3/4/20 0:00,10
College Board Test 10,reading,24,23,3/4/20 0:00,3/4/20 0:00,10
College Board Test 10,reading,25,23,3/4/20 0:00,3/4/20 0:00,10
College Board Test 10,reading,26,24,3/4/20 0:00,3/4/20 0:00,10
College Board Test 10,reading,27,24,3/4/20 0:00,3/4/20 0:00,10
College Board Test 10,reading,28,25,3/4/20 0:00,3/4/20 0:00,10
College Board Test 10,reading,29,25,3/4/20 0:00,3/4/20 0:00,10
College Board Test 10,reading,30,26,3/4/20 0:00,3/4/20 0:00,10
College Board Test 10,reading,31,26,3/4/20 0:00,3/4/20 0:00,10
College Board Test 10,reading,32,27,3/4/20 0:00,3/4/20 0:00,10
College Board Test 10,reading,33,28,3/4/20 0:00,3/4/20 0:00,10
College Board Test 10,reading,34,28,3/4/20 0:00,3/4/20 0:00,10
College Board Test 10,reading,35,29,3/4/20 0:00,3/4/20 0:00,10
College Board Test 10,reading,36,29,3/4/20 0:00,3/4/20 0:00,10
College Board Test 10,reading,37,30,3/4/20 0:00,3/4/20 0:00,10
College Board Test 10,reading,38,30,3/4/20 0:00,3/4/20 0:00,10
College Board Test 10,reading,39,31,3/4/20 0:00,3/4/20 0:00,10
College Board Test 10,reading,40,31,3/4/20 0:00,3/4/20 0:00,10
College Board Test 10,reading,41,31,3/4/20 0:00,3/4/20 0:00,10
College Board Test 10,reading,42,32,3/4/20 0:00,3/4/20 0:00,10
College Board Test 10,reading,43,32,3/4/20 0:00,3/4/20 0:00,10
College Board Test 10,reading,44,33,3/4/20 0:00,3/4/20 0:00,10
College Board Test 10,reading,45,33,3/4/20 0:00,3/4/20 0:00,10
College Board Test 10,reading,46,34,3/4/20 0:00,3/4/20 0:00,10
College Board Test 10,reading,47,35,3/4/20 0:00,3/4/20 0:00,10
College Board Test 10,reading,48,36,3/4/20 0:00,3/4/20 0:00,10
College Board Test 10,reading,49,36,3/4/20 0:00,3/4/20 0:00,10
College Board Test 10,reading,50,37,3/4/20 0:00,3/4/20 0:00,10
College Board Test 10,reading,51,39,3/4/20 0:00,3/4/20 0:00,10
College Board Test 10,reading,52,40,3/4/20 0:00,3/4/20 0:00,10
College Board Test 10,writing,0,10,3/4/20 0:00,3/4/20 0:00,10
College Board Test 10,writing,1,10,3/4/20 0:00,3/4/20 0:00,10
College Board Test 10,writing,2,10,3/4/20 0:00,3/4/20 0:00,10
College Board Test 10,writing,3,11,3/4/20 0:00,3/4/20 0:00,10
College Board Test 10,writing,4,11,3/4/20 0:00,3/4/20 0:00,10
College Board Test 10,writing,5,12,3/4/20 0:00,3/4/20 0:00,10
College Board Test 10,writing,6,13,3/4/20 0:00,3/4/20 0:00,10
College Board Test 10,writing,7,14,3/4/20 0:00,3/4/20 0:00,10
College Board Test 10,writing,8,14,3/4/20 0:00,3/4/20 0:00,10
College Board Test 10,writing,9,15,3/4/20 0:00,3/4/20 0:00,10
College Board Test 10,writing,10,16,3/4/20 0:00,3/4/20 0:00,10
College Board Test 10,writing,11,16,3/4/20 0:00,3/4/20 0:00,10
College Board Test 10,writing,12,17,3/4/20 0:00,3/4/20 0:00,10
College Board Test 10,writing,13,17,3/4/20 0:00,3/4/20 0:00,10
College Board Test 10,writing,14,18,3/4/20 0:00,3/4/20 0:00,10
College Board Test 10,writing,15,18,3/4/20 0:00,3/4/20 0:00,10
College Board Test 10,writing,16,18,3/4/20 0:00,3/4/20 0:00,10
College Board Test 10,writing,17,19,3/4/20 0:00,3/4/20 0:00,10
College Board Test 10,writing,18,19,3/4/20 0:00,3/4/20 0:00,10
College Board Test 10,writing,19,20,3/4/20 0:00,3/4/20 0:00,10
College Board Test 10,writing,20,20,3/4/20 0:00,3/4/20 0:00,10
College Board Test 10,writing,21,21,3/4/20 0:00,3/4/20 0:00,10
College Board Test 10,writing,22,21,3/4/20 0:00,3/4/20 0:00,10
College Board Test 10,writing,23,22,3/4/20 0:00,3/4/20 0:00,10
College Board Test 10,writing,24,23,3/4/20 0:00,3/4/20 0:00,10
College Board Test 10,writing,25,23,3/4/20 0:00,3/4/20 0:00,10
College Board Test 10,writing,26,24,3/4/20 0:00,3/4/20 0:00,10
College Board Test 10,writing,27,24,3/4/20 0:00,3/4/20 0:00,10
College Board Test 10,writing,28,25,3/4/20 0:00,3/4/20 0:00,10
College Board Test 10,writing,29,25,3/4/20 0:00,3/4/20 0:00,10
College Board Test 10,writing,30,26,3/4/20 0:00,3/4/20 0:00,10
College Board Test 10,writing,31,27,3/4/20 0:00,3/4/20 0:00,10
College Board Test 10,writing,32,27,3/4/20 0:00,3/4/20 0:00,10
College Board Test 10,writing,33,28,3/4/20 0:00,3/4/20 0:00,10
College Board Test 10,writing,34,29,3/4/20 0:00,3/4/20 0:00,10
College Board Test 10,writing,35,29,3/4/20 0:00,3/4/20 0:00,10
College Board Test 10,writing,36,30,3/4/20 0:00,3/4/20 0:00,10
College Board Test 10,writing,37,31,3/4/20 0:00,3/4/20 0:00,10
College Board Test 10,writing,38,31,3/4/20 0:00,3/4/20 0:00,10
College Board Test 10,writing,39,32,3/4/20 0:00,3/4/20 0:00,10
College Board Test 10,writing,40,33,3/4/20 0:00,3/4/20 0:00,10
College Board Test 10,writing,41,34,3/4/20 0:00,3/4/20 0:00,10
College Board Test 10,writing,42,36,3/4/20 0:00,3/4/20 0:00,10
College Board Test 10,writing,43,38,3/4/20 0:00,3/4/20 0:00,10
College Board Test 10,writing,44,40,3/4/20 0:00,3/4/20 0:00,10
College Board Test 10,math,0,200,3/4/20 0:00,3/4/20 0:00,10
College Board Test 10,math,1,200,3/4/20 0:00,3/4/20 0:00,10
College Board Test 10,math,2,210,3/4/20 0:00,3/4/20 0:00,10
College Board Test 10,math,3,220,3/4/20 0:00,3/4/20 0:00,10
College Board Test 10,math,4,230,3/4/20 0:00,3/4/20 0:00,10
College Board Test 10,math,5,250,3/4/20 0:00,3/4/20 0:00,10
College Board Test 10,math,6,270,3/4/20 0:00,3/4/20 0:00,10
College Board Test 10,math,7,280,3/4/20 0:00,3/4/20 0:00,10
College Board Test 10,math,8,300,3/4/20 0:00,3/4/20 0:00,10
College Board Test 10,math,9,310,3/4/20 0:00,3/4/20 0:00,10
College Board Test 10,math,10,320,3/4/20 0:00,3/4/20 0:00,10
College Board Test 10,math,11,340,3/4/20 0:00,3/4/20 0:00,10
College Board Test 10,math,12,350,3/4/20 0:00,3/4/20 0:00,10
College Board Test 10,math,13,360,3/4/20 0:00,3/4/20 0:00,10
College Board Test 10,math,14,370,3/4/20 0:00,3/4/20 0:00,10
College Board Test 10,math,15,380,3/4/20 0:00,3/4/20 0:00,10
College Board Test 10,math,16,390,3/4/20 0:00,3/4/20 0:00,10
College Board Test 10,math,17,400,3/4/20 0:00,3/4/20 0:00,10
College Board Test 10,math,18,410,3/4/20 0:00,3/4/20 0:00,10
College Board Test 10,math,19,420,3/4/20 0:00,3/4/20 0:00,10
College Board Test 10,math,20,430,3/4/20 0:00,3/4/20 0:00,10
College Board Test 10,math,21,440,3/4/20 0:00,3/4/20 0:00,10
College Board Test 10,math,22,450,3/4/20 0:00,3/4/20 0:00,10
College Board Test 10,math,23,460,3/4/20 0:00,3/4/20 0:00,10
College Board Test 10,math,24,470,3/4/20 0:00,3/4/20 0:00,10
College Board Test 10,math,25,480,3/4/20 0:00,3/4/20 0:00,10
College Board Test 10,math,26,490,3/4/20 0:00,3/4/20 0:00,10
College Board Test 10,math,27,500,3/4/20 0:00,3/4/20 0:00,10
College Board Test 10,math,28,500,3/4/20 0:00,3/4/20 0:00,10
College Board Test 10,math,29,510,3/4/20 0:00,3/4/20 0:00,10
College Board Test 10,math,30,520,3/4/20 0:00,3/4/20 0:00,10
College Board Test 10,math,31,520,3/4/20 0:00,3/4/20 0:00,10
College Board Test 10,math,32,530,3/4/20 0:00,3/4/20 0:00,10
College Board Test 10,math,33,540,3/4/20 0:00,3/4/20 0:00,10
College Board Test 10,math,34,540,3/4/20 0:00,3/4/20 0:00,10
College Board Test 10,math,35,550,3/4/20 0:00,3/4/20 0:00,10
College Board Test 10,math,36,560,3/4/20 0:00,3/4/20 0:00,10
College Board Test 10,math,37,570,3/4/20 0:00,3/4/20 0:00,10
College Board Test 10,math,38,580,3/4/20 0:00,3/4/20 0:00,10
College Board Test 10,math,39,580,3/4/20 0:00,3/4/20 0:00,10
College Board Test 10,math,40,590,3/4/20 0:00,3/4/20 0:00,10
College Board Test 10,math,41,600,3/4/20 0:00,3/4/20 0:00,10
College Board Test 10,math,42,610,3/4/20 0:00,3/4/20 0:00,10
College Board Test 10,math,43,610,3/4/20 0:00,3/4/20 0:00,10
College Board Test 10,math,44,620,3/4/20 0:00,3/4/20 0:00,10
College Board Test 10,math,45,630,3/4/20 0:00,3/4/20 0:00,10
College Board Test 10,math,46,640,3/4/20 0:00,3/4/20 0:00,10
College Board Test 10,math,47,650,3/4/20 0:00,3/4/20 0:00,10
College Board Test 10,math,48,660,3/4/20 0:00,3/4/20 0:00,10
College Board Test 10,math,49,670,3/4/20 0:00,3/4/20 0:00,10
College Board Test 10,math,50,680,3/4/20 0:00,3/4/20 0:00,10
College Board Test 10,math,51,690,3/4/20 0:00,3/4/20 0:00,10
College Board Test 10,math,52,700,3/4/20 0:00,3/4/20 0:00,10
College Board Test 10,math,53,710,3/4/20 0:00,3/4/20 0:00,10
College Board Test 10,math,54,730,3/4/20 0:00,3/4/20 0:00,10
College Board Test 10,math,55,750,3/4/20 0:00,3/4/20 0:00,10
College Board Test 10,math,56,770,3/4/20 0:00,3/4/20 0:00,10
College Board Test 10,math,57,790,3/4/20 0:00,3/4/20 0:00,10
College Board Test 10,math,58,800,3/4/20 0:00,3/4/20 0:00,10